row_id,entity,entity_scope,segment,material,chain_stage,metric,basis,period,period_granularity,period_end_date,value_reported,scale_factor,value_base,unit,currency,price_basis,derivation,derived_from,is_comparative,doc_type,source_document,pdf_page,printed_page,raw_text,language,confidence,notes
EX01,Lynas Rare Earths,consolidated,,total_REO,oxide,sales_volume,contained_REO,FY2016,FY,2016-06-30,12514.0,1,12514.0,tonnes,none,not_applicable,as_reported,,True,annual,lynas_financial_FY2019.pdf,8,7.0,"12,514",en,high,
EX02,Lynas Rare Earths,consolidated,,total_REO,oxide,sales_volume,contained_REO,FY2017,FY,2017-06-30,14616.0,1,14616.0,tonnes,none,not_applicable,as_reported,,True,annual,lynas_financial_FY2019.pdf,8,7.0,"14,616",en,high,
EX03,Lynas Rare Earths,consolidated,,total_REO,oxide,sales_volume,contained_REO,FY2018,FY,2018-06-30,17672.0,1,17672.0,tonnes,none,not_applicable,as_reported,,True,annual,lynas_financial_FY2019.pdf,8,7.0,"17,672",en,high,
EX04,Lynas Rare Earths,consolidated,,total_REO,oxide,sales_volume,contained_REO,FY2019,FY,2019-06-30,19154.0,1,19154.0,tonnes,none,not_applicable,as_reported,,False,annual,lynas_financial_FY2019.pdf,8,7.0,"19,154",en,high,
EX05,Lynas Rare Earths,consolidated,,total_REO,oxide,cash_receipts,not_applicable,FY2016,FY,2016-06-30,202.6,1000000,202600000.0,AUD,AUD,not_applicable,as_reported,,True,annual,lynas_financial_FY2019.pdf,8,7.0,202.6,en,high,Cash received in the year: not revenue
EX06,Lynas Rare Earths,consolidated,,total_REO,oxide,cash_receipts,not_applicable,FY2017,FY,2017-06-30,260.4,1000000,260400000.0,AUD,AUD,not_applicable,as_reported,,True,annual,lynas_financial_FY2019.pdf,8,7.0,260.4,en,high,Cash received in the year: not revenue
EX07,Lynas Rare Earths,consolidated,,total_REO,oxide,cash_receipts,not_applicable,FY2018,FY,2018-06-30,383.1,1000000,383100000.0,AUD,AUD,not_applicable,as_reported,,True,annual,lynas_financial_FY2019.pdf,8,7.0,383.1,en,high,Cash received in the year: not revenue
EX08,Lynas Rare Earths,consolidated,,total_REO,oxide,cash_receipts,not_applicable,FY2019,FY,2019-06-30,367.5,1000000,367500000.0,AUD,AUD,not_applicable,as_reported,,False,annual,lynas_financial_FY2019.pdf,8,7.0,367.5,en,high,Cash received in the year: not revenue
EX09,Lynas Rare Earths,consolidated,,total_REO,oxide,revenue,contained_REO,FY2016,FY,2016-06-30,191.0,1000000,191000000.0,AUD,AUD,not_applicable,as_reported,,True,annual,lynas_financial_FY2019.pdf,8,7.0,191.0,en,high,
EX10,Lynas Rare Earths,consolidated,,total_REO,oxide,revenue,contained_REO,FY2017,FY,2017-06-30,257.0,1000000,257000000.0,AUD,AUD,not_applicable,as_reported,,True,annual,lynas_financial_FY2019.pdf,8,7.0,257.0,en,high,
EX11,Lynas Rare Earths,consolidated,,total_REO,oxide,revenue,contained_REO,FY2018,FY,2018-06-30,374.1,1000000,374100000.0,AUD,AUD,not_applicable,as_reported,,True,annual,lynas_financial_FY2019.pdf,8,7.0,374.1,en,high,
EX12,Lynas Rare Earths,consolidated,,total_REO,oxide,revenue,contained_REO,FY2019,FY,2019-06-30,363.5,1000000,363500000.0,AUD,AUD,not_applicable,as_reported,,False,annual,lynas_financial_FY2019.pdf,8,7.0,363.5,en,high,
EX13,Lynas Rare Earths,consolidated,,total_REO,oxide,avg_selling_price,contained_REO,FY2016,FY,2016-06-30,15.3,1,15.3,AUD_per_kg,AUD,basket,as_reported,,True,annual,lynas_financial_FY2019.pdf,8,7.0,15.3,en,high,Across all rare earth products sold: not an NdPr price
EX14,Lynas Rare Earths,consolidated,,total_REO,oxide,avg_selling_price,contained_REO,FY2017,FY,2017-06-30,18.0,1,18.0,AUD_per_kg,AUD,basket,as_reported,,True,annual,lynas_financial_FY2019.pdf,8,7.0,18.0,en,high,Across all rare earth products sold: not an NdPr price
EX15,Lynas Rare Earths,consolidated,,total_REO,oxide,avg_selling_price,contained_REO,FY2018,FY,2018-06-30,21.6,1,21.6,AUD_per_kg,AUD,basket,as_reported,,True,annual,lynas_financial_FY2019.pdf,8,7.0,21.6,en,high,Across all rare earth products sold: not an NdPr price
EX16,Lynas Rare Earths,consolidated,,total_REO,oxide,avg_selling_price,contained_REO,FY2019,FY,2019-06-30,19.0,1,19.0,AUD_per_kg,AUD,basket,as_reported,,False,annual,lynas_financial_FY2019.pdf,8,7.0,19.0,en,high,Across all rare earth products sold: not an NdPr price
EX17,Lynas Rare Earths,consolidated,,total_REO,oxide,production_volume,contained_REO,FY2016,FY,2016-06-30,12631.0,1,12631.0,tonnes,none,not_applicable,as_reported,,True,annual,lynas_financial_FY2019.pdf,9,8.0,"12,631",en,high,Label wording FY2019-FY2024
EX18,Lynas Rare Earths,consolidated,,total_REO,oxide,production_volume,contained_REO,FY2017,FY,2017-06-30,16003.0,1,16003.0,tonnes,none,not_applicable,as_reported,,True,annual,lynas_financial_FY2019.pdf,9,8.0,"16,003",en,high,Label wording FY2019-FY2024
EX19,Lynas Rare Earths,consolidated,,total_REO,oxide,production_volume,contained_REO,FY2018,FY,2018-06-30,17753.0,1,17753.0,tonnes,none,not_applicable,as_reported,,True,annual,lynas_financial_FY2019.pdf,9,8.0,"17,753",en,high,Label wording FY2019-FY2024
EX20,Lynas Rare Earths,consolidated,,total_REO,oxide,production_volume,contained_REO,FY2019,FY,2019-06-30,19737.0,1,19737.0,tonnes,none,not_applicable,as_reported,,False,annual,lynas_financial_FY2019.pdf,9,8.0,"19,737",en,high,Label wording FY2019-FY2024
EX21,Lynas Rare Earths,consolidated,,NdPr,oxide,production_volume,contained_REO,FY2016,FY,2016-06-30,3896.0,1,3896.0,tonnes,none,not_applicable,as_reported,,True,annual,lynas_financial_FY2019.pdf,9,8.0,"3,896",en,high,Label wording FY2019-FY2024
EX22,Lynas Rare Earths,consolidated,,NdPr,oxide,production_volume,contained_REO,FY2017,FY,2017-06-30,5223.0,1,5223.0,tonnes,none,not_applicable,as_reported,,True,annual,lynas_financial_FY2019.pdf,9,8.0,"5,223",en,high,Label wording FY2019-FY2024
EX23,Lynas Rare Earths,consolidated,,NdPr,oxide,production_volume,contained_REO,FY2018,FY,2018-06-30,5444.0,1,5444.0,tonnes,none,not_applicable,as_reported,,True,annual,lynas_financial_FY2019.pdf,9,8.0,"5,444",en,high,Label wording FY2019-FY2024
EX24,Lynas Rare Earths,consolidated,,NdPr,oxide,production_volume,contained_REO,FY2019,FY,2019-06-30,5898.0,1,5898.0,tonnes,none,not_applicable,as_reported,,False,annual,lynas_financial_FY2019.pdf,9,8.0,"5,898",en,high,Label wording FY2019-FY2024
EX01,Lynas Rare Earths,consolidated,,total_REO,oxide,sales_volume,contained_REO,FY2020,FY,2020-06-30,14172.0,1,14172.0,tonnes,none,not_applicable,as_reported,,False,annual,lynas_financial_FY2020.pdf,9,8.0,"14,172",en,high,
EX02,Lynas Rare Earths,consolidated,,total_REO,oxide,sales_volume,contained_REO,FY2019,FY,2019-06-30,19154.0,1,19154.0,tonnes,none,not_applicable,as_reported,,True,annual,lynas_financial_FY2020.pdf,9,8.0,"19,154",en,high,
EX03,Lynas Rare Earths,consolidated,,total_REO,oxide,sales_volume,contained_REO,FY2018,FY,2018-06-30,17672.0,1,17672.0,tonnes,none,not_applicable,as_reported,,True,annual,lynas_financial_FY2020.pdf,9,8.0,"17,672",en,high,
EX04,Lynas Rare Earths,consolidated,,total_REO,oxide,sales_volume,contained_REO,FY2017,FY,2017-06-30,14616.0,1,14616.0,tonnes,none,not_applicable,as_reported,,True,annual,lynas_financial_FY2020.pdf,9,8.0,"14,616",en,high,
EX05,Lynas Rare Earths,consolidated,,total_REO,oxide,cash_receipts,not_applicable,FY2020,FY,2020-06-30,321.8,1000000,321800000.0,AUD,AUD,not_applicable,as_reported,,False,annual,lynas_financial_FY2020.pdf,9,8.0,321.8,en,high,Cash received in the year: not revenue
EX06,Lynas Rare Earths,consolidated,,total_REO,oxide,cash_receipts,not_applicable,FY2019,FY,2019-06-30,367.5,1000000,367500000.0,AUD,AUD,not_applicable,as_reported,,True,annual,lynas_financial_FY2020.pdf,9,8.0,367.5,en,high,Cash received in the year: not revenue
EX07,Lynas Rare Earths,consolidated,,total_REO,oxide,cash_receipts,not_applicable,FY2018,FY,2018-06-30,383.1,1000000,383100000.0,AUD,AUD,not_applicable,as_reported,,True,annual,lynas_financial_FY2020.pdf,9,8.0,383.1,en,high,Cash received in the year: not revenue
EX08,Lynas Rare Earths,consolidated,,total_REO,oxide,cash_receipts,not_applicable,FY2017,FY,2017-06-30,260.4,1000000,260400000.0,AUD,AUD,not_applicable,as_reported,,True,annual,lynas_financial_FY2020.pdf,9,8.0,260.4,en,high,Cash received in the year: not revenue
EX09,Lynas Rare Earths,consolidated,,total_REO,oxide,revenue,contained_REO,FY2020,FY,2020-06-30,305.1,1000000,305100000.0,AUD,AUD,not_applicable,as_reported,,False,annual,lynas_financial_FY2020.pdf,9,8.0,305.1,en,high,
EX10,Lynas Rare Earths,consolidated,,total_REO,oxide,revenue,contained_REO,FY2019,FY,2019-06-30,363.5,1000000,363500000.0,AUD,AUD,not_applicable,as_reported,,True,annual,lynas_financial_FY2020.pdf,9,8.0,363.5,en,high,
EX11,Lynas Rare Earths,consolidated,,total_REO,oxide,revenue,contained_REO,FY2018,FY,2018-06-30,374.1,1000000,374100000.0,AUD,AUD,not_applicable,as_reported,,True,annual,lynas_financial_FY2020.pdf,9,8.0,374.1,en,high,
EX12,Lynas Rare Earths,consolidated,,total_REO,oxide,revenue,contained_REO,FY2017,FY,2017-06-30,257.0,1000000,257000000.0,AUD,AUD,not_applicable,as_reported,,True,annual,lynas_financial_FY2020.pdf,9,8.0,257.0,en,high,
EX13,Lynas Rare Earths,consolidated,,total_REO,oxide,avg_selling_price,contained_REO,FY2020,FY,2020-06-30,21.5,1,21.5,AUD_per_kg,AUD,basket,as_reported,,False,annual,lynas_financial_FY2020.pdf,9,8.0,21.5,en,high,Across all rare earth products sold: not an NdPr price
EX14,Lynas Rare Earths,consolidated,,total_REO,oxide,avg_selling_price,contained_REO,FY2019,FY,2019-06-30,19.0,1,19.0,AUD_per_kg,AUD,basket,as_reported,,True,annual,lynas_financial_FY2020.pdf,9,8.0,19.0,en,high,Across all rare earth products sold: not an NdPr price
EX15,Lynas Rare Earths,consolidated,,total_REO,oxide,avg_selling_price,contained_REO,FY2018,FY,2018-06-30,21.6,1,21.6,AUD_per_kg,AUD,basket,as_reported,,True,annual,lynas_financial_FY2020.pdf,9,8.0,21.6,en,high,Across all rare earth products sold: not an NdPr price
EX16,Lynas Rare Earths,consolidated,,total_REO,oxide,avg_selling_price,contained_REO,FY2017,FY,2017-06-30,18.0,1,18.0,AUD_per_kg,AUD,basket,as_reported,,True,annual,lynas_financial_FY2020.pdf,9,8.0,18.0,en,high,Across all rare earth products sold: not an NdPr price
EX17,Lynas Rare Earths,consolidated,,total_REO,oxide,production_volume,contained_REO,FY2020,FY,2020-06-30,14562.0,1,14562.0,tonnes,none,not_applicable,as_reported,,False,annual,lynas_financial_FY2020.pdf,9,8.0,"14,562",en,high,Label wording FY2019-FY2024
EX18,Lynas Rare Earths,consolidated,,total_REO,oxide,production_volume,contained_REO,FY2019,FY,2019-06-30,19737.0,1,19737.0,tonnes,none,not_applicable,as_reported,,True,annual,lynas_financial_FY2020.pdf,9,8.0,"19,737",en,high,Label wording FY2019-FY2024
EX19,Lynas Rare Earths,consolidated,,total_REO,oxide,production_volume,contained_REO,FY2018,FY,2018-06-30,17753.0,1,17753.0,tonnes,none,not_applicable,as_reported,,True,annual,lynas_financial_FY2020.pdf,9,8.0,"17,753",en,high,Label wording FY2019-FY2024
EX20,Lynas Rare Earths,consolidated,,total_REO,oxide,production_volume,contained_REO,FY2017,FY,2017-06-30,16003.0,1,16003.0,tonnes,none,not_applicable,as_reported,,True,annual,lynas_financial_FY2020.pdf,9,8.0,"16,003",en,high,Label wording FY2019-FY2024
EX21,Lynas Rare Earths,consolidated,,NdPr,oxide,production_volume,contained_REO,FY2020,FY,2020-06-30,4656.0,1,4656.0,tonnes,none,not_applicable,as_reported,,False,annual,lynas_financial_FY2020.pdf,9,8.0,"4,656",en,high,Label wording FY2019-FY2024
EX22,Lynas Rare Earths,consolidated,,NdPr,oxide,production_volume,contained_REO,FY2019,FY,2019-06-30,5898.0,1,5898.0,tonnes,none,not_applicable,as_reported,,True,annual,lynas_financial_FY2020.pdf,9,8.0,"5,898",en,high,Label wording FY2019-FY2024
EX23,Lynas Rare Earths,consolidated,,NdPr,oxide,production_volume,contained_REO,FY2018,FY,2018-06-30,5444.0,1,5444.0,tonnes,none,not_applicable,as_reported,,True,annual,lynas_financial_FY2020.pdf,9,8.0,"5,444",en,high,Label wording FY2019-FY2024
EX24,Lynas Rare Earths,consolidated,,NdPr,oxide,production_volume,contained_REO,FY2017,FY,2017-06-30,5223.0,1,5223.0,tonnes,none,not_applicable,as_reported,,True,annual,lynas_financial_FY2020.pdf,9,8.0,"5,223",en,high,Label wording FY2019-FY2024
EX25,Lynas Rare Earths,consolidated,,total_REO,oxide,revenue,contained_REO,FY2013,FY,2013-06-30,950.0,1000,950000.0,AUD,AUD,not_applicable,as_reported,,True,annual,lynas_financial_FY2020.pdf,26,25.0,950,en,high,
EX26,Lynas Rare Earths,consolidated,,total_REO,oxide,revenue,contained_REO,FY2014,FY,2014-06-30,64570.0,1000,64570000.0,AUD,AUD,not_applicable,as_reported,,True,annual,lynas_financial_FY2020.pdf,26,25.0,"64,570",en,high,
EX27,Lynas Rare Earths,consolidated,,total_REO,oxide,revenue,contained_REO,FY2015,FY,2015-06-30,144596.0,1000,144596000.0,AUD,AUD,not_applicable,as_reported,,True,annual,lynas_financial_FY2020.pdf,26,25.0,"144,596",en,high,
EX28,Lynas Rare Earths,consolidated,,total_REO,oxide,revenue,contained_REO,FY2016,FY,2016-06-30,190956.0,1000,190956000.0,AUD,AUD,not_applicable,as_reported,,True,annual,lynas_financial_FY2020.pdf,26,25.0,"190,956",en,high,
EX29,Lynas Rare Earths,consolidated,,total_REO,oxide,revenue,contained_REO,FY2017,FY,2017-06-30,256976.0,1000,256976000.0,AUD,AUD,not_applicable,as_reported,,True,annual,lynas_financial_FY2020.pdf,26,25.0,"256,976",en,high,
EX30,Lynas Rare Earths,consolidated,,total_REO,oxide,revenue,contained_REO,FY2018,FY,2018-06-30,374105.0,1000,374105000.0,AUD,AUD,not_applicable,as_reported,,True,annual,lynas_financial_FY2020.pdf,26,25.0,"374,105",en,high,
EX31,Lynas Rare Earths,consolidated,,total_REO,oxide,revenue,contained_REO,FY2019,FY,2019-06-30,363541.0,1000,363541000.0,AUD,AUD,not_applicable,as_reported,,True,annual,lynas_financial_FY2020.pdf,26,25.0,"363,541",en,high,
EX32,Lynas Rare Earths,consolidated,,total_REO,oxide,revenue,contained_REO,FY2020,FY,2020-06-30,305111.0,1000,305111000.0,AUD,AUD,not_applicable,as_reported,,False,annual,lynas_financial_FY2020.pdf,26,25.0,"305,111",en,high,
EX01,Lynas Rare Earths,consolidated,,total_REO,oxide,sales_volume,contained_REO,FY2021,FY,2021-06-30,16405.0,1,16405.0,tonnes,none,not_applicable,as_reported,,False,annual,lynas_financial_FY2021.pdf,11,10.0,"16,405",en,high,
EX02,Lynas Rare Earths,consolidated,,total_REO,oxide,sales_volume,contained_REO,FY2020,FY,2020-06-30,14172.0,1,14172.0,tonnes,none,not_applicable,as_reported,,True,annual,lynas_financial_FY2021.pdf,11,10.0,"14,172",en,high,
EX03,Lynas Rare Earths,consolidated,,total_REO,oxide,sales_volume,contained_REO,FY2019,FY,2019-06-30,19154.0,1,19154.0,tonnes,none,not_applicable,as_reported,,True,annual,lynas_financial_FY2021.pdf,11,10.0,"19,154",en,high,
EX04,Lynas Rare Earths,consolidated,,total_REO,oxide,sales_volume,contained_REO,FY2018,FY,2018-06-30,17672.0,1,17672.0,tonnes,none,not_applicable,as_reported,,True,annual,lynas_financial_FY2021.pdf,11,10.0,"17,672",en,high,
EX05,Lynas Rare Earths,consolidated,,total_REO,oxide,cash_receipts,not_applicable,FY2021,FY,2021-06-30,465.4,1000000,465400000.0,AUD,AUD,not_applicable,as_reported,,False,annual,lynas_financial_FY2021.pdf,11,10.0,465.4,en,high,Cash received in the year: not revenue
EX06,Lynas Rare Earths,consolidated,,total_REO,oxide,cash_receipts,not_applicable,FY2020,FY,2020-06-30,321.8,1000000,321800000.0,AUD,AUD,not_applicable,as_reported,,True,annual,lynas_financial_FY2021.pdf,11,10.0,321.8,en,high,Cash received in the year: not revenue
EX07,Lynas Rare Earths,consolidated,,total_REO,oxide,cash_receipts,not_applicable,FY2019,FY,2019-06-30,367.5,1000000,367500000.0,AUD,AUD,not_applicable,as_reported,,True,annual,lynas_financial_FY2021.pdf,11,10.0,367.5,en,high,Cash received in the year: not revenue
EX08,Lynas Rare Earths,consolidated,,total_REO,oxide,cash_receipts,not_applicable,FY2018,FY,2018-06-30,383.1,1000000,383100000.0,AUD,AUD,not_applicable,as_reported,,True,annual,lynas_financial_FY2021.pdf,11,10.0,383.1,en,high,Cash received in the year: not revenue
EX09,Lynas Rare Earths,consolidated,,total_REO,oxide,revenue,contained_REO,FY2021,FY,2021-06-30,489.0,1000000,489000000.0,AUD,AUD,not_applicable,as_reported,,False,annual,lynas_financial_FY2021.pdf,11,10.0,489.0,en,high,
EX10,Lynas Rare Earths,consolidated,,total_REO,oxide,revenue,contained_REO,FY2020,FY,2020-06-30,305.1,1000000,305100000.0,AUD,AUD,not_applicable,as_reported,,True,annual,lynas_financial_FY2021.pdf,11,10.0,305.1,en,high,
EX11,Lynas Rare Earths,consolidated,,total_REO,oxide,revenue,contained_REO,FY2019,FY,2019-06-30,363.5,1000000,363500000.0,AUD,AUD,not_applicable,as_reported,,True,annual,lynas_financial_FY2021.pdf,11,10.0,363.5,en,high,
EX12,Lynas Rare Earths,consolidated,,total_REO,oxide,revenue,contained_REO,FY2018,FY,2018-06-30,374.1,1000000,374100000.0,AUD,AUD,not_applicable,as_reported,,True,annual,lynas_financial_FY2021.pdf,11,10.0,374.1,en,high,
EX13,Lynas Rare Earths,consolidated,,total_REO,oxide,avg_selling_price,contained_REO,FY2021,FY,2021-06-30,29.8,1,29.8,AUD_per_kg,AUD,basket,as_reported,,False,annual,lynas_financial_FY2021.pdf,11,10.0,29.8,en,high,Across all rare earth products sold: not an NdPr price
EX14,Lynas Rare Earths,consolidated,,total_REO,oxide,avg_selling_price,contained_REO,FY2020,FY,2020-06-30,21.5,1,21.5,AUD_per_kg,AUD,basket,as_reported,,True,annual,lynas_financial_FY2021.pdf,11,10.0,21.5,en,high,Across all rare earth products sold: not an NdPr price
EX15,Lynas Rare Earths,consolidated,,total_REO,oxide,avg_selling_price,contained_REO,FY2019,FY,2019-06-30,19.0,1,19.0,AUD_per_kg,AUD,basket,as_reported,,True,annual,lynas_financial_FY2021.pdf,11,10.0,19.0,en,high,Across all rare earth products sold: not an NdPr price
EX16,Lynas Rare Earths,consolidated,,total_REO,oxide,avg_selling_price,contained_REO,FY2018,FY,2018-06-30,21.6,1,21.6,AUD_per_kg,AUD,basket,as_reported,,True,annual,lynas_financial_FY2021.pdf,11,10.0,21.6,en,high,Across all rare earth products sold: not an NdPr price
EX17,Lynas Rare Earths,consolidated,,total_REO,oxide,production_volume,contained_REO,FY2021,FY,2021-06-30,15761.0,1,15761.0,tonnes,none,not_applicable,as_reported,,False,annual,lynas_financial_FY2021.pdf,11,10.0,"15,761",en,high,Label wording FY2019-FY2024
EX18,Lynas Rare Earths,consolidated,,total_REO,oxide,production_volume,contained_REO,FY2020,FY,2020-06-30,14562.0,1,14562.0,tonnes,none,not_applicable,as_reported,,True,annual,lynas_financial_FY2021.pdf,11,10.0,"14,562",en,high,Label wording FY2019-FY2024
EX19,Lynas Rare Earths,consolidated,,total_REO,oxide,production_volume,contained_REO,FY2019,FY,2019-06-30,19737.0,1,19737.0,tonnes,none,not_applicable,as_reported,,True,annual,lynas_financial_FY2021.pdf,11,10.0,"19,737",en,high,Label wording FY2019-FY2024
EX20,Lynas Rare Earths,consolidated,,total_REO,oxide,production_volume,contained_REO,FY2018,FY,2018-06-30,17753.0,1,17753.0,tonnes,none,not_applicable,as_reported,,True,annual,lynas_financial_FY2021.pdf,11,10.0,"17,753",en,high,Label wording FY2019-FY2024
EX21,Lynas Rare Earths,consolidated,,NdPr,oxide,production_volume,contained_REO,FY2021,FY,2021-06-30,5461.0,1,5461.0,tonnes,none,not_applicable,as_reported,,False,annual,lynas_financial_FY2021.pdf,11,10.0,"5,461",en,high,Label wording FY2019-FY2024
EX22,Lynas Rare Earths,consolidated,,NdPr,oxide,production_volume,contained_REO,FY2020,FY,2020-06-30,4656.0,1,4656.0,tonnes,none,not_applicable,as_reported,,True,annual,lynas_financial_FY2021.pdf,11,10.0,"4,656",en,high,Label wording FY2019-FY2024
EX23,Lynas Rare Earths,consolidated,,NdPr,oxide,production_volume,contained_REO,FY2019,FY,2019-06-30,5898.0,1,5898.0,tonnes,none,not_applicable,as_reported,,True,annual,lynas_financial_FY2021.pdf,11,10.0,"5,898",en,high,Label wording FY2019-FY2024
EX24,Lynas Rare Earths,consolidated,,NdPr,oxide,production_volume,contained_REO,FY2018,FY,2018-06-30,5444.0,1,5444.0,tonnes,none,not_applicable,as_reported,,True,annual,lynas_financial_FY2021.pdf,11,10.0,"5,444",en,high,Label wording FY2019-FY2024
EX25,Lynas Rare Earths,consolidated,,total_REO,oxide,revenue,contained_REO,FY2017,FY,2017-06-30,256976.0,1000,256976000.0,AUD,AUD,not_applicable,as_reported,,True,annual,lynas_financial_FY2021.pdf,33,32.0,"256,976",en,high,
EX26,Lynas Rare Earths,consolidated,,total_REO,oxide,revenue,contained_REO,FY2018,FY,2018-06-30,374105.0,1000,374105000.0,AUD,AUD,not_applicable,as_reported,,True,annual,lynas_financial_FY2021.pdf,33,32.0,"374,105",en,high,
EX27,Lynas Rare Earths,consolidated,,total_REO,oxide,revenue,contained_REO,FY2019,FY,2019-06-30,363541.0,1000,363541000.0,AUD,AUD,not_applicable,as_reported,,True,annual,lynas_financial_FY2021.pdf,33,32.0,"363,541",en,high,
EX28,Lynas Rare Earths,consolidated,,total_REO,oxide,revenue,contained_REO,FY2020,FY,2020-06-30,305111.0,1000,305111000.0,AUD,AUD,not_applicable,as_reported,,True,annual,lynas_financial_FY2021.pdf,33,32.0,"305,111",en,high,
EX29,Lynas Rare Earths,consolidated,,total_REO,oxide,revenue,contained_REO,FY2021,FY,2021-06-30,489024.0,1000,489024000.0,AUD,AUD,not_applicable,as_reported,,False,annual,lynas_financial_FY2021.pdf,33,32.0,"489,024",en,high,
EX01,Lynas Rare Earths,consolidated,,total_REO,oxide,sales_volume,contained_REO,FY2022,FY,2022-06-30,15263.0,1,15263.0,tonnes,none,not_applicable,as_reported,,False,annual,lynas_financial_FY2022.pdf,11,11.0,"15,263",en,high,
EX02,Lynas Rare Earths,consolidated,,total_REO,oxide,sales_volume,contained_REO,FY2021,FY,2021-06-30,16405.0,1,16405.0,tonnes,none,not_applicable,as_reported,,True,annual,lynas_financial_FY2022.pdf,11,11.0,"16,405",en,high,
EX03,Lynas Rare Earths,consolidated,,total_REO,oxide,sales_volume,contained_REO,FY2020,FY,2020-06-30,14172.0,1,14172.0,tonnes,none,not_applicable,as_reported,,True,annual,lynas_financial_FY2022.pdf,11,11.0,"14,172",en,high,
EX04,Lynas Rare Earths,consolidated,,total_REO,oxide,sales_volume,contained_REO,FY2019,FY,2019-06-30,19154.0,1,19154.0,tonnes,none,not_applicable,as_reported,,True,annual,lynas_financial_FY2022.pdf,11,11.0,"19,154",en,high,
EX05,Lynas Rare Earths,consolidated,,total_REO,oxide,cash_receipts,not_applicable,FY2022,FY,2022-06-30,855.0,1000000,855000000.0,AUD,AUD,not_applicable,as_reported,,False,annual,lynas_financial_FY2022.pdf,11,11.0,855.0,en,high,Cash received in the year: not revenue
EX06,Lynas Rare Earths,consolidated,,total_REO,oxide,cash_receipts,not_applicable,FY2021,FY,2021-06-30,465.4,1000000,465400000.0,AUD,AUD,not_applicable,as_reported,,True,annual,lynas_financial_FY2022.pdf,11,11.0,465.4,en,high,Cash received in the year: not revenue
EX07,Lynas Rare Earths,consolidated,,total_REO,oxide,cash_receipts,not_applicable,FY2020,FY,2020-06-30,321.8,1000000,321800000.0,AUD,AUD,not_applicable,as_reported,,True,annual,lynas_financial_FY2022.pdf,11,11.0,321.8,en,high,Cash received in the year: not revenue
EX08,Lynas Rare Earths,consolidated,,total_REO,oxide,cash_receipts,not_applicable,FY2019,FY,2019-06-30,367.5,1000000,367500000.0,AUD,AUD,not_applicable,as_reported,,True,annual,lynas_financial_FY2022.pdf,11,11.0,367.5,en,high,Cash received in the year: not revenue
EX09,Lynas Rare Earths,consolidated,,total_REO,oxide,revenue,contained_REO,FY2022,FY,2022-06-30,920.0,1000000,920000000.0,AUD,AUD,not_applicable,as_reported,,False,annual,lynas_financial_FY2022.pdf,11,11.0,920.0,en,high,
EX10,Lynas Rare Earths,consolidated,,total_REO,oxide,revenue,contained_REO,FY2021,FY,2021-06-30,489.0,1000000,489000000.0,AUD,AUD,not_applicable,as_reported,,True,annual,lynas_financial_FY2022.pdf,11,11.0,489.0,en,high,
EX11,Lynas Rare Earths,consolidated,,total_REO,oxide,revenue,contained_REO,FY2020,FY,2020-06-30,305.1,1000000,305100000.0,AUD,AUD,not_applicable,as_reported,,True,annual,lynas_financial_FY2022.pdf,11,11.0,305.1,en,high,
EX12,Lynas Rare Earths,consolidated,,total_REO,oxide,revenue,contained_REO,FY2019,FY,2019-06-30,363.5,1000000,363500000.0,AUD,AUD,not_applicable,as_reported,,True,annual,lynas_financial_FY2022.pdf,11,11.0,363.5,en,high,
EX13,Lynas Rare Earths,consolidated,,total_REO,oxide,avg_selling_price,contained_REO,FY2022,FY,2022-06-30,60.3,1,60.3,AUD_per_kg,AUD,basket,as_reported,,False,annual,lynas_financial_FY2022.pdf,11,11.0,60.3,en,high,Across all rare earth products sold: not an NdPr price
EX14,Lynas Rare Earths,consolidated,,total_REO,oxide,avg_selling_price,contained_REO,FY2021,FY,2021-06-30,29.8,1,29.8,AUD_per_kg,AUD,basket,as_reported,,True,annual,lynas_financial_FY2022.pdf,11,11.0,29.8,en,high,Across all rare earth products sold: not an NdPr price
EX15,Lynas Rare Earths,consolidated,,total_REO,oxide,avg_selling_price,contained_REO,FY2020,FY,2020-06-30,21.5,1,21.5,AUD_per_kg,AUD,basket,as_reported,,True,annual,lynas_financial_FY2022.pdf,11,11.0,21.5,en,high,Across all rare earth products sold: not an NdPr price
EX16,Lynas Rare Earths,consolidated,,total_REO,oxide,avg_selling_price,contained_REO,FY2019,FY,2019-06-30,19.0,1,19.0,AUD_per_kg,AUD,basket,as_reported,,True,annual,lynas_financial_FY2022.pdf,11,11.0,19.0,en,high,Across all rare earth products sold: not an NdPr price
EX17,Lynas Rare Earths,consolidated,,total_REO,oxide,production_volume,contained_REO,FY2022,FY,2022-06-30,15970.0,1,15970.0,tonnes,none,not_applicable,as_reported,,False,annual,lynas_financial_FY2022.pdf,12,12.0,"15,970",en,high,Label wording FY2019-FY2024
EX18,Lynas Rare Earths,consolidated,,total_REO,oxide,production_volume,contained_REO,FY2021,FY,2021-06-30,15761.0,1,15761.0,tonnes,none,not_applicable,as_reported,,True,annual,lynas_financial_FY2022.pdf,12,12.0,"15,761",en,high,Label wording FY2019-FY2024
EX19,Lynas Rare Earths,consolidated,,total_REO,oxide,production_volume,contained_REO,FY2020,FY,2020-06-30,14562.0,1,14562.0,tonnes,none,not_applicable,as_reported,,True,annual,lynas_financial_FY2022.pdf,12,12.0,"14,562",en,high,Label wording FY2019-FY2024
EX20,Lynas Rare Earths,consolidated,,total_REO,oxide,production_volume,contained_REO,FY2019,FY,2019-06-30,19737.0,1,19737.0,tonnes,none,not_applicable,as_reported,,True,annual,lynas_financial_FY2022.pdf,12,12.0,"19,737",en,high,Label wording FY2019-FY2024
EX21,Lynas Rare Earths,consolidated,,NdPr,oxide,production_volume,contained_REO,FY2022,FY,2022-06-30,5880.0,1,5880.0,tonnes,none,not_applicable,as_reported,,False,annual,lynas_financial_FY2022.pdf,12,12.0,"5,880",en,high,Label wording FY2019-FY2024
EX22,Lynas Rare Earths,consolidated,,NdPr,oxide,production_volume,contained_REO,FY2021,FY,2021-06-30,5461.0,1,5461.0,tonnes,none,not_applicable,as_reported,,True,annual,lynas_financial_FY2022.pdf,12,12.0,"5,461",en,high,Label wording FY2019-FY2024
EX23,Lynas Rare Earths,consolidated,,NdPr,oxide,production_volume,contained_REO,FY2020,FY,2020-06-30,4656.0,1,4656.0,tonnes,none,not_applicable,as_reported,,True,annual,lynas_financial_FY2022.pdf,12,12.0,"4,656",en,high,Label wording FY2019-FY2024
EX24,Lynas Rare Earths,consolidated,,NdPr,oxide,production_volume,contained_REO,FY2019,FY,2019-06-30,5898.0,1,5898.0,tonnes,none,not_applicable,as_reported,,True,annual,lynas_financial_FY2022.pdf,12,12.0,"5,898",en,high,Label wording FY2019-FY2024
EX25,Lynas Rare Earths,consolidated,,total_REO,oxide,revenue,contained_REO,FY2018,FY,2018-06-30,374105.0,1000,374105000.0,AUD,AUD,not_applicable,as_reported,,True,annual,lynas_financial_FY2022.pdf,42,42.0,"374,105",en,high,
EX26,Lynas Rare Earths,consolidated,,total_REO,oxide,revenue,contained_REO,FY2019,FY,2019-06-30,363541.0,1000,363541000.0,AUD,AUD,not_applicable,as_reported,,True,annual,lynas_financial_FY2022.pdf,42,42.0,"363,541",en,high,
EX27,Lynas Rare Earths,consolidated,,total_REO,oxide,revenue,contained_REO,FY2020,FY,2020-06-30,305111.0,1000,305111000.0,AUD,AUD,not_applicable,as_reported,,True,annual,lynas_financial_FY2022.pdf,42,42.0,"305,111",en,high,
EX28,Lynas Rare Earths,consolidated,,total_REO,oxide,revenue,contained_REO,FY2021,FY,2021-06-30,489024.0,1000,489024000.0,AUD,AUD,not_applicable,as_reported,,True,annual,lynas_financial_FY2022.pdf,42,42.0,"489,024",en,high,
EX29,Lynas Rare Earths,consolidated,,total_REO,oxide,revenue,contained_REO,FY2022,FY,2022-06-30,920014.0,1000,920014000.0,AUD,AUD,not_applicable,as_reported,,False,annual,lynas_financial_FY2022.pdf,42,42.0,"920,014",en,high,
EX01,Lynas Rare Earths,consolidated,,total_REO,oxide,sales_volume,contained_REO,FY2023,FY,2023-06-30,16014.0,1,16014.0,tonnes,none,not_applicable,as_reported,,False,annual,lynas_financial_FY2023.pdf,11,11.0,"16,014",en,high,
EX02,Lynas Rare Earths,consolidated,,total_REO,oxide,sales_volume,contained_REO,FY2022,FY,2022-06-30,15263.0,1,15263.0,tonnes,none,not_applicable,as_reported,,True,annual,lynas_financial_FY2023.pdf,11,11.0,"15,263",en,high,
EX03,Lynas Rare Earths,consolidated,,total_REO,oxide,sales_volume,contained_REO,FY2021,FY,2021-06-30,16405.0,1,16405.0,tonnes,none,not_applicable,as_reported,,True,annual,lynas_financial_FY2023.pdf,11,11.0,"16,405",en,high,
EX04,Lynas Rare Earths,consolidated,,total_REO,oxide,sales_volume,contained_REO,FY2020,FY,2020-06-30,14172.0,1,14172.0,tonnes,none,not_applicable,as_reported,,True,annual,lynas_financial_FY2023.pdf,11,11.0,"14,172",en,high,
EX05,Lynas Rare Earths,consolidated,,total_REO,oxide,cash_receipts,not_applicable,FY2023,FY,2023-06-30,820.8,1000000,820800000.0,AUD,AUD,not_applicable,as_reported,,False,annual,lynas_financial_FY2023.pdf,11,11.0,820.8,en,high,Cash received in the year: not revenue
EX06,Lynas Rare Earths,consolidated,,total_REO,oxide,cash_receipts,not_applicable,FY2022,FY,2022-06-30,855.0,1000000,855000000.0,AUD,AUD,not_applicable,as_reported,,True,annual,lynas_financial_FY2023.pdf,11,11.0,855.0,en,high,Cash received in the year: not revenue
EX07,Lynas Rare Earths,consolidated,,total_REO,oxide,cash_receipts,not_applicable,FY2021,FY,2021-06-30,465.4,1000000,465400000.0,AUD,AUD,not_applicable,as_reported,,True,annual,lynas_financial_FY2023.pdf,11,11.0,465.4,en,high,Cash received in the year: not revenue
EX08,Lynas Rare Earths,consolidated,,total_REO,oxide,cash_receipts,not_applicable,FY2020,FY,2020-06-30,321.8,1000000,321800000.0,AUD,AUD,not_applicable,as_reported,,True,annual,lynas_financial_FY2023.pdf,11,11.0,321.8,en,high,Cash received in the year: not revenue
EX09,Lynas Rare Earths,consolidated,,total_REO,oxide,revenue,contained_REO,FY2023,FY,2023-06-30,739.3,1000000,739300000.0,AUD,AUD,not_applicable,as_reported,,False,annual,lynas_financial_FY2023.pdf,11,11.0,739.3,en,high,
EX10,Lynas Rare Earths,consolidated,,total_REO,oxide,revenue,contained_REO,FY2022,FY,2022-06-30,920.0,1000000,920000000.0,AUD,AUD,not_applicable,as_reported,,True,annual,lynas_financial_FY2023.pdf,11,11.0,920.0,en,high,
EX11,Lynas Rare Earths,consolidated,,total_REO,oxide,revenue,contained_REO,FY2021,FY,2021-06-30,489.0,1000000,489000000.0,AUD,AUD,not_applicable,as_reported,,True,annual,lynas_financial_FY2023.pdf,11,11.0,489.0,en,high,
EX12,Lynas Rare Earths,consolidated,,total_REO,oxide,revenue,contained_REO,FY2020,FY,2020-06-30,305.1,1000000,305100000.0,AUD,AUD,not_applicable,as_reported,,True,annual,lynas_financial_FY2023.pdf,11,11.0,305.1,en,high,
EX13,Lynas Rare Earths,consolidated,,total_REO,oxide,avg_selling_price,contained_REO,FY2023,FY,2023-06-30,46.2,1,46.2,AUD_per_kg,AUD,basket,as_reported,,False,annual,lynas_financial_FY2023.pdf,11,11.0,46.2,en,high,Across all rare earth products sold: not an NdPr price
EX14,Lynas Rare Earths,consolidated,,total_REO,oxide,avg_selling_price,contained_REO,FY2022,FY,2022-06-30,60.3,1,60.3,AUD_per_kg,AUD,basket,as_reported,,True,annual,lynas_financial_FY2023.pdf,11,11.0,60.3,en,high,Across all rare earth products sold: not an NdPr price
EX15,Lynas Rare Earths,consolidated,,total_REO,oxide,avg_selling_price,contained_REO,FY2021,FY,2021-06-30,29.8,1,29.8,AUD_per_kg,AUD,basket,as_reported,,True,annual,lynas_financial_FY2023.pdf,11,11.0,29.8,en,high,Across all rare earth products sold: not an NdPr price
EX16,Lynas Rare Earths,consolidated,,total_REO,oxide,avg_selling_price,contained_REO,FY2020,FY,2020-06-30,21.5,1,21.5,AUD_per_kg,AUD,basket,as_reported,,True,annual,lynas_financial_FY2023.pdf,11,11.0,21.5,en,high,Across all rare earth products sold: not an NdPr price
EX17,Lynas Rare Earths,consolidated,,total_REO,oxide,production_volume,contained_REO,FY2023,FY,2023-06-30,16780.0,1,16780.0,tonnes,none,not_applicable,as_reported,,False,annual,lynas_financial_FY2023.pdf,12,12.0,"16,780",en,high,Label wording FY2019-FY2024
EX18,Lynas Rare Earths,consolidated,,total_REO,oxide,production_volume,contained_REO,FY2022,FY,2022-06-30,15970.0,1,15970.0,tonnes,none,not_applicable,as_reported,,True,annual,lynas_financial_FY2023.pdf,12,12.0,"15,970",en,high,Label wording FY2019-FY2024
EX19,Lynas Rare Earths,consolidated,,total_REO,oxide,production_volume,contained_REO,FY2021,FY,2021-06-30,15761.0,1,15761.0,tonnes,none,not_applicable,as_reported,,True,annual,lynas_financial_FY2023.pdf,12,12.0,"15,761",en,high,Label wording FY2019-FY2024
EX20,Lynas Rare Earths,consolidated,,total_REO,oxide,production_volume,contained_REO,FY2020,FY,2020-06-30,14562.0,1,14562.0,tonnes,none,not_applicable,as_reported,,True,annual,lynas_financial_FY2023.pdf,12,12.0,"14,562",en,high,Label wording FY2019-FY2024
EX21,Lynas Rare Earths,consolidated,,NdPr,oxide,production_volume,contained_REO,FY2023,FY,2023-06-30,6142.0,1,6142.0,tonnes,none,not_applicable,as_reported,,False,annual,lynas_financial_FY2023.pdf,12,12.0,"6,142",en,high,Label wording FY2019-FY2024
EX22,Lynas Rare Earths,consolidated,,NdPr,oxide,production_volume,contained_REO,FY2022,FY,2022-06-30,5880.0,1,5880.0,tonnes,none,not_applicable,as_reported,,True,annual,lynas_financial_FY2023.pdf,12,12.0,"5,880",en,high,Label wording FY2019-FY2024
EX23,Lynas Rare Earths,consolidated,,NdPr,oxide,production_volume,contained_REO,FY2021,FY,2021-06-30,5461.0,1,5461.0,tonnes,none,not_applicable,as_reported,,True,annual,lynas_financial_FY2023.pdf,12,12.0,"5,461",en,high,Label wording FY2019-FY2024
EX24,Lynas Rare Earths,consolidated,,NdPr,oxide,production_volume,contained_REO,FY2020,FY,2020-06-30,4656.0,1,4656.0,tonnes,none,not_applicable,as_reported,,True,annual,lynas_financial_FY2023.pdf,12,12.0,"4,656",en,high,Label wording FY2019-FY2024
EX25,Lynas Rare Earths,consolidated,,total_REO,oxide,revenue,contained_REO,FY2019,FY,2019-06-30,363541.0,1000,363541000.0,AUD,AUD,not_applicable,as_reported,,True,annual,lynas_financial_FY2023.pdf,42,42.0,"363,541",en,high,
EX26,Lynas Rare Earths,consolidated,,total_REO,oxide,revenue,contained_REO,FY2020,FY,2020-06-30,305111.0,1000,305111000.0,AUD,AUD,not_applicable,as_reported,,True,annual,lynas_financial_FY2023.pdf,42,42.0,"305,111",en,high,
EX27,Lynas Rare Earths,consolidated,,total_REO,oxide,revenue,contained_REO,FY2021,FY,2021-06-30,489024.0,1000,489024000.0,AUD,AUD,not_applicable,as_reported,,True,annual,lynas_financial_FY2023.pdf,42,42.0,"489,024",en,high,
EX28,Lynas Rare Earths,consolidated,,total_REO,oxide,revenue,contained_REO,FY2022,FY,2022-06-30,920014.0,1000,920014000.0,AUD,AUD,not_applicable,as_reported,,True,annual,lynas_financial_FY2023.pdf,42,42.0,"920,014",en,high,
EX29,Lynas Rare Earths,consolidated,,total_REO,oxide,revenue,contained_REO,FY2023,FY,2023-06-30,739279.0,1000,739279000.0,AUD,AUD,not_applicable,as_reported,,False,annual,lynas_financial_FY2023.pdf,42,42.0,"739,279",en,high,
EX30,Lynas Rare Earths,consolidated,,total_REO,oxide,production_volume,contained_REO,FY2019,FY,2019-06-30,19737.0,1,19737.0,tonnes,none,not_applicable,as_reported,,True,annual,lynas_financial_FY2023.pdf,42,42.0,"19,737",en,high,
EX31,Lynas Rare Earths,consolidated,,total_REO,oxide,production_volume,contained_REO,FY2020,FY,2020-06-30,14562.0,1,14562.0,tonnes,none,not_applicable,as_reported,,True,annual,lynas_financial_FY2023.pdf,42,42.0,"14,562",en,high,
EX32,Lynas Rare Earths,consolidated,,total_REO,oxide,production_volume,contained_REO,FY2021,FY,2021-06-30,15761.0,1,15761.0,tonnes,none,not_applicable,as_reported,,True,annual,lynas_financial_FY2023.pdf,42,42.0,"15,761",en,high,
EX33,Lynas Rare Earths,consolidated,,total_REO,oxide,production_volume,contained_REO,FY2022,FY,2022-06-30,15970.0,1,15970.0,tonnes,none,not_applicable,as_reported,,True,annual,lynas_financial_FY2023.pdf,42,42.0,"15,970",en,high,
EX34,Lynas Rare Earths,consolidated,,total_REO,oxide,production_volume,contained_REO,FY2023,FY,2023-06-30,16780.0,1,16780.0,tonnes,none,not_applicable,as_reported,,False,annual,lynas_financial_FY2023.pdf,42,42.0,"16,780",en,high,
EX35,Lynas Rare Earths,consolidated,,total_REO,oxide,sales_volume,contained_REO,FY2019,FY,2019-06-30,19154.0,1,19154.0,tonnes,none,not_applicable,as_reported,,True,annual,lynas_financial_FY2023.pdf,42,42.0,"19,154",en,high,
EX36,Lynas Rare Earths,consolidated,,total_REO,oxide,sales_volume,contained_REO,FY2020,FY,2020-06-30,14172.0,1,14172.0,tonnes,none,not_applicable,as_reported,,True,annual,lynas_financial_FY2023.pdf,42,42.0,"14,172",en,high,
EX37,Lynas Rare Earths,consolidated,,total_REO,oxide,sales_volume,contained_REO,FY2021,FY,2021-06-30,16405.0,1,16405.0,tonnes,none,not_applicable,as_reported,,True,annual,lynas_financial_FY2023.pdf,42,42.0,"16,405",en,high,
EX38,Lynas Rare Earths,consolidated,,total_REO,oxide,sales_volume,contained_REO,FY2022,FY,2022-06-30,15263.0,1,15263.0,tonnes,none,not_applicable,as_reported,,True,annual,lynas_financial_FY2023.pdf,42,42.0,"15,263",en,high,
EX39,Lynas Rare Earths,consolidated,,total_REO,oxide,sales_volume,contained_REO,FY2023,FY,2023-06-30,16014.0,1,16014.0,tonnes,none,not_applicable,as_reported,,False,annual,lynas_financial_FY2023.pdf,42,42.0,"16,014",en,high,
EX40,Lynas Rare Earths,consolidated,,total_REO,oxide,avg_selling_price,contained_REO,FY2019,FY,2019-06-30,18.97,1,18.97,AUD_per_kg,AUD,basket,as_reported,,True,annual,lynas_financial_FY2023.pdf,42,42.0,18.97,en,high,Label says per REO tonne but the values are A$ per kg (revenue / volume confirms)
EX41,Lynas Rare Earths,consolidated,,total_REO,oxide,avg_selling_price,contained_REO,FY2020,FY,2020-06-30,21.53,1,21.53,AUD_per_kg,AUD,basket,as_reported,,True,annual,lynas_financial_FY2023.pdf,42,42.0,21.53,en,high,Label says per REO tonne but the values are A$ per kg (revenue / volume confirms)
EX42,Lynas Rare Earths,consolidated,,total_REO,oxide,avg_selling_price,contained_REO,FY2021,FY,2021-06-30,29.81,1,29.81,AUD_per_kg,AUD,basket,as_reported,,True,annual,lynas_financial_FY2023.pdf,42,42.0,29.81,en,high,Label says per REO tonne but the values are A$ per kg (revenue / volume confirms)
EX43,Lynas Rare Earths,consolidated,,total_REO,oxide,avg_selling_price,contained_REO,FY2022,FY,2022-06-30,60.27,1,60.27,AUD_per_kg,AUD,basket,as_reported,,True,annual,lynas_financial_FY2023.pdf,42,42.0,60.27,en,high,Label says per REO tonne but the values are A$ per kg (revenue / volume confirms)
EX44,Lynas Rare Earths,consolidated,,total_REO,oxide,avg_selling_price,contained_REO,FY2023,FY,2023-06-30,46.16,1,46.16,AUD_per_kg,AUD,basket,as_reported,,False,annual,lynas_financial_FY2023.pdf,42,42.0,46.16,en,high,Label says per REO tonne but the values are A$ per kg (revenue / volume confirms)
EX01,Lynas Rare Earths,consolidated,,total_REO,oxide,sales_volume,contained_REO,FY2024,FY,2024-06-30,12158.0,1,12158.0,tonnes,none,not_applicable,as_reported,,False,annual,lynas_financial_FY2024.pdf,11,11.0,"12,158",en,high,
EX02,Lynas Rare Earths,consolidated,,total_REO,oxide,sales_volume,contained_REO,FY2023,FY,2023-06-30,16014.0,1,16014.0,tonnes,none,not_applicable,as_reported,,True,annual,lynas_financial_FY2024.pdf,11,11.0,"16,014",en,high,
EX03,Lynas Rare Earths,consolidated,,total_REO,oxide,sales_volume,contained_REO,FY2022,FY,2022-06-30,15263.0,1,15263.0,tonnes,none,not_applicable,as_reported,,True,annual,lynas_financial_FY2024.pdf,11,11.0,"15,263",en,high,
EX04,Lynas Rare Earths,consolidated,,total_REO,oxide,sales_volume,contained_REO,FY2021,FY,2021-06-30,16405.0,1,16405.0,tonnes,none,not_applicable,as_reported,,True,annual,lynas_financial_FY2024.pdf,11,11.0,"16,405",en,high,
EX05,Lynas Rare Earths,consolidated,,total_REO,oxide,cash_receipts,not_applicable,FY2024,FY,2024-06-30,460.8,1000000,460800000.0,AUD,AUD,not_applicable,as_reported,,False,annual,lynas_financial_FY2024.pdf,11,11.0,460.8,en,high,Cash received in the year: not revenue
EX06,Lynas Rare Earths,consolidated,,total_REO,oxide,cash_receipts,not_applicable,FY2023,FY,2023-06-30,820.8,1000000,820800000.0,AUD,AUD,not_applicable,as_reported,,True,annual,lynas_financial_FY2024.pdf,11,11.0,820.8,en,high,Cash received in the year: not revenue
EX07,Lynas Rare Earths,consolidated,,total_REO,oxide,cash_receipts,not_applicable,FY2022,FY,2022-06-30,855.0,1000000,855000000.0,AUD,AUD,not_applicable,as_reported,,True,annual,lynas_financial_FY2024.pdf,11,11.0,855.0,en,high,Cash received in the year: not revenue
EX08,Lynas Rare Earths,consolidated,,total_REO,oxide,cash_receipts,not_applicable,FY2021,FY,2021-06-30,465.4,1000000,465400000.0,AUD,AUD,not_applicable,as_reported,,True,annual,lynas_financial_FY2024.pdf,11,11.0,465.4,en,high,Cash received in the year: not revenue
EX09,Lynas Rare Earths,consolidated,,total_REO,oxide,revenue,contained_REO,FY2024,FY,2024-06-30,463.3,1000000,463300000.0,AUD,AUD,not_applicable,as_reported,,False,annual,lynas_financial_FY2024.pdf,11,11.0,463.3,en,high,
EX10,Lynas Rare Earths,consolidated,,total_REO,oxide,revenue,contained_REO,FY2023,FY,2023-06-30,739.3,1000000,739300000.0,AUD,AUD,not_applicable,as_reported,,True,annual,lynas_financial_FY2024.pdf,11,11.0,739.3,en,high,
EX11,Lynas Rare Earths,consolidated,,total_REO,oxide,revenue,contained_REO,FY2022,FY,2022-06-30,920.0,1000000,920000000.0,AUD,AUD,not_applicable,as_reported,,True,annual,lynas_financial_FY2024.pdf,11,11.0,920.0,en,high,
EX12,Lynas Rare Earths,consolidated,,total_REO,oxide,revenue,contained_REO,FY2021,FY,2021-06-30,489.0,1000000,489000000.0,AUD,AUD,not_applicable,as_reported,,True,annual,lynas_financial_FY2024.pdf,11,11.0,489.0,en,high,
EX13,Lynas Rare Earths,consolidated,,total_REO,oxide,avg_selling_price,contained_REO,FY2024,FY,2024-06-30,38.1,1,38.1,AUD_per_kg,AUD,basket,as_reported,,False,annual,lynas_financial_FY2024.pdf,11,11.0,38.1,en,high,Across all rare earth products sold: not an NdPr price
EX14,Lynas Rare Earths,consolidated,,total_REO,oxide,avg_selling_price,contained_REO,FY2023,FY,2023-06-30,46.2,1,46.2,AUD_per_kg,AUD,basket,as_reported,,True,annual,lynas_financial_FY2024.pdf,11,11.0,46.2,en,high,Across all rare earth products sold: not an NdPr price
EX15,Lynas Rare Earths,consolidated,,total_REO,oxide,avg_selling_price,contained_REO,FY2022,FY,2022-06-30,60.3,1,60.3,AUD_per_kg,AUD,basket,as_reported,,True,annual,lynas_financial_FY2024.pdf,11,11.0,60.3,en,high,Across all rare earth products sold: not an NdPr price
EX16,Lynas Rare Earths,consolidated,,total_REO,oxide,avg_selling_price,contained_REO,FY2021,FY,2021-06-30,29.8,1,29.8,AUD_per_kg,AUD,basket,as_reported,,True,annual,lynas_financial_FY2024.pdf,11,11.0,29.8,en,high,Across all rare earth products sold: not an NdPr price
EX17,Lynas Rare Earths,consolidated,,total_REO,oxide,production_volume,contained_REO,FY2024,FY,2024-06-30,10908.0,1,10908.0,tonnes,none,not_applicable,as_reported,,False,annual,lynas_financial_FY2024.pdf,12,12.0,"10,908",en,high,Label wording FY2019-FY2024
EX18,Lynas Rare Earths,consolidated,,total_REO,oxide,production_volume,contained_REO,FY2023,FY,2023-06-30,16780.0,1,16780.0,tonnes,none,not_applicable,as_reported,,True,annual,lynas_financial_FY2024.pdf,12,12.0,"16,780",en,high,Label wording FY2019-FY2024
EX19,Lynas Rare Earths,consolidated,,total_REO,oxide,production_volume,contained_REO,FY2022,FY,2022-06-30,15970.0,1,15970.0,tonnes,none,not_applicable,as_reported,,True,annual,lynas_financial_FY2024.pdf,12,12.0,"15,970",en,high,Label wording FY2019-FY2024
EX20,Lynas Rare Earths,consolidated,,total_REO,oxide,production_volume,contained_REO,FY2021,FY,2021-06-30,15761.0,1,15761.0,tonnes,none,not_applicable,as_reported,,True,annual,lynas_financial_FY2024.pdf,12,12.0,"15,761",en,high,Label wording FY2019-FY2024
EX21,Lynas Rare Earths,consolidated,,NdPr,oxide,production_volume,contained_REO,FY2024,FY,2024-06-30,5655.0,1,5655.0,tonnes,none,not_applicable,as_reported,,False,annual,lynas_financial_FY2024.pdf,12,12.0,"5,655",en,high,Label wording FY2019-FY2024
EX22,Lynas Rare Earths,consolidated,,NdPr,oxide,production_volume,contained_REO,FY2023,FY,2023-06-30,6142.0,1,6142.0,tonnes,none,not_applicable,as_reported,,True,annual,lynas_financial_FY2024.pdf,12,12.0,"6,142",en,high,Label wording FY2019-FY2024
EX23,Lynas Rare Earths,consolidated,,NdPr,oxide,production_volume,contained_REO,FY2022,FY,2022-06-30,5880.0,1,5880.0,tonnes,none,not_applicable,as_reported,,True,annual,lynas_financial_FY2024.pdf,12,12.0,"5,880",en,high,Label wording FY2019-FY2024
EX24,Lynas Rare Earths,consolidated,,NdPr,oxide,production_volume,contained_REO,FY2021,FY,2021-06-30,5461.0,1,5461.0,tonnes,none,not_applicable,as_reported,,True,annual,lynas_financial_FY2024.pdf,12,12.0,"5,461",en,high,Label wording FY2019-FY2024
EX25,Lynas Rare Earths,consolidated,,total_REO,oxide,revenue,contained_REO,FY2020,FY,2020-06-30,305111.0,1000,305111000.0,AUD,AUD,not_applicable,as_reported,,True,annual,lynas_financial_FY2024.pdf,47,47.0,"305,111",en,high,
EX26,Lynas Rare Earths,consolidated,,total_REO,oxide,revenue,contained_REO,FY2021,FY,2021-06-30,489024.0,1000,489024000.0,AUD,AUD,not_applicable,as_reported,,True,annual,lynas_financial_FY2024.pdf,47,47.0,"489,024",en,high,
EX27,Lynas Rare Earths,consolidated,,total_REO,oxide,revenue,contained_REO,FY2022,FY,2022-06-30,920014.0,1000,920014000.0,AUD,AUD,not_applicable,as_reported,,True,annual,lynas_financial_FY2024.pdf,47,47.0,"920,014",en,high,
EX28,Lynas Rare Earths,consolidated,,total_REO,oxide,revenue,contained_REO,FY2023,FY,2023-06-30,739279.0,1000,739279000.0,AUD,AUD,not_applicable,as_reported,,True,annual,lynas_financial_FY2024.pdf,47,47.0,"739,279",en,high,
EX29,Lynas Rare Earths,consolidated,,total_REO,oxide,revenue,contained_REO,FY2024,FY,2024-06-30,463285.0,1000,463285000.0,AUD,AUD,not_applicable,as_reported,,False,annual,lynas_financial_FY2024.pdf,47,47.0,"463,285",en,high,
EX30,Lynas Rare Earths,consolidated,,total_REO,oxide,production_volume,contained_REO,FY2020,FY,2020-06-30,14562.0,1,14562.0,tonnes,none,not_applicable,as_reported,,True,annual,lynas_financial_FY2024.pdf,47,47.0,"14,562",en,high,
EX31,Lynas Rare Earths,consolidated,,total_REO,oxide,production_volume,contained_REO,FY2021,FY,2021-06-30,15761.0,1,15761.0,tonnes,none,not_applicable,as_reported,,True,annual,lynas_financial_FY2024.pdf,47,47.0,"15,761",en,high,
EX32,Lynas Rare Earths,consolidated,,total_REO,oxide,production_volume,contained_REO,FY2022,FY,2022-06-30,15970.0,1,15970.0,tonnes,none,not_applicable,as_reported,,True,annual,lynas_financial_FY2024.pdf,47,47.0,"15,970",en,high,
EX33,Lynas Rare Earths,consolidated,,total_REO,oxide,production_volume,contained_REO,FY2023,FY,2023-06-30,16780.0,1,16780.0,tonnes,none,not_applicable,as_reported,,True,annual,lynas_financial_FY2024.pdf,47,47.0,"16,780",en,high,
EX34,Lynas Rare Earths,consolidated,,total_REO,oxide,production_volume,contained_REO,FY2024,FY,2024-06-30,10908.0,1,10908.0,tonnes,none,not_applicable,as_reported,,False,annual,lynas_financial_FY2024.pdf,47,47.0,"10,908",en,high,
EX35,Lynas Rare Earths,consolidated,,total_REO,oxide,sales_volume,contained_REO,FY2020,FY,2020-06-30,14172.0,1,14172.0,tonnes,none,not_applicable,as_reported,,True,annual,lynas_financial_FY2024.pdf,47,47.0,"14,172",en,high,
EX36,Lynas Rare Earths,consolidated,,total_REO,oxide,sales_volume,contained_REO,FY2021,FY,2021-06-30,16405.0,1,16405.0,tonnes,none,not_applicable,as_reported,,True,annual,lynas_financial_FY2024.pdf,47,47.0,"16,405",en,high,
EX37,Lynas Rare Earths,consolidated,,total_REO,oxide,sales_volume,contained_REO,FY2022,FY,2022-06-30,15263.0,1,15263.0,tonnes,none,not_applicable,as_reported,,True,annual,lynas_financial_FY2024.pdf,47,47.0,"15,263",en,high,
EX38,Lynas Rare Earths,consolidated,,total_REO,oxide,sales_volume,contained_REO,FY2023,FY,2023-06-30,16014.0,1,16014.0,tonnes,none,not_applicable,as_reported,,True,annual,lynas_financial_FY2024.pdf,47,47.0,"16,014",en,high,
EX39,Lynas Rare Earths,consolidated,,total_REO,oxide,sales_volume,contained_REO,FY2024,FY,2024-06-30,12158.0,1,12158.0,tonnes,none,not_applicable,as_reported,,False,annual,lynas_financial_FY2024.pdf,47,47.0,"12,158",en,high,
EX40,Lynas Rare Earths,consolidated,,total_REO,oxide,avg_selling_price,contained_REO,FY2020,FY,2020-06-30,21.53,1,21.53,AUD_per_kg,AUD,basket,as_reported,,True,annual,lynas_financial_FY2024.pdf,47,47.0,21.53,en,high,Label says per REO tonne but the values are A$ per kg (revenue / volume confirms)
EX41,Lynas Rare Earths,consolidated,,total_REO,oxide,avg_selling_price,contained_REO,FY2021,FY,2021-06-30,29.81,1,29.81,AUD_per_kg,AUD,basket,as_reported,,True,annual,lynas_financial_FY2024.pdf,47,47.0,29.81,en,high,Label says per REO tonne but the values are A$ per kg (revenue / volume confirms)
EX42,Lynas Rare Earths,consolidated,,total_REO,oxide,avg_selling_price,contained_REO,FY2022,FY,2022-06-30,60.27,1,60.27,AUD_per_kg,AUD,basket,as_reported,,True,annual,lynas_financial_FY2024.pdf,47,47.0,60.27,en,high,Label says per REO tonne but the values are A$ per kg (revenue / volume confirms)
EX43,Lynas Rare Earths,consolidated,,total_REO,oxide,avg_selling_price,contained_REO,FY2023,FY,2023-06-30,46.16,1,46.16,AUD_per_kg,AUD,basket,as_reported,,True,annual,lynas_financial_FY2024.pdf,47,47.0,46.16,en,high,Label says per REO tonne but the values are A$ per kg (revenue / volume confirms)
EX44,Lynas Rare Earths,consolidated,,total_REO,oxide,avg_selling_price,contained_REO,FY2024,FY,2024-06-30,38.1,1,38.1,AUD_per_kg,AUD,basket,as_reported,,False,annual,lynas_financial_FY2024.pdf,47,47.0,38.10,en,high,Label says per REO tonne but the values are A$ per kg (revenue / volume confirms)
EX01,Lynas Rare Earths,consolidated,,total_REO,oxide,sales_volume,contained_REO,FY2025,FY,2025-06-30,10970.0,1,10970.0,tonnes,none,not_applicable,as_reported,,False,annual,lynas_financial_FY2025.pdf,20,17.0,"10,970",en,high,
EX02,Lynas Rare Earths,consolidated,,total_REO,oxide,sales_volume,contained_REO,FY2024,FY,2024-06-30,12158.0,1,12158.0,tonnes,none,not_applicable,as_reported,,True,annual,lynas_financial_FY2025.pdf,20,17.0,"12,158",en,high,
EX03,Lynas Rare Earths,consolidated,,total_REO,oxide,sales_volume,contained_REO,FY2023,FY,2023-06-30,16014.0,1,16014.0,tonnes,none,not_applicable,as_reported,,True,annual,lynas_financial_FY2025.pdf,20,17.0,"16,014",en,high,
EX04,Lynas Rare Earths,consolidated,,total_REO,oxide,sales_volume,contained_REO,FY2022,FY,2022-06-30,15263.0,1,15263.0,tonnes,none,not_applicable,as_reported,,True,annual,lynas_financial_FY2025.pdf,20,17.0,"15,263.0",en,high,
EX05,Lynas Rare Earths,consolidated,,total_REO,oxide,cash_receipts,not_applicable,FY2025,FY,2025-06-30,550.7,1000000,550700000.0,AUD,AUD,not_applicable,as_reported,,False,annual,lynas_financial_FY2025.pdf,20,17.0,550.7,en,high,Cash received in the year: not revenue
EX06,Lynas Rare Earths,consolidated,,total_REO,oxide,cash_receipts,not_applicable,FY2024,FY,2024-06-30,460.8,1000000,460800000.0,AUD,AUD,not_applicable,as_reported,,True,annual,lynas_financial_FY2025.pdf,20,17.0,460.8,en,high,Cash received in the year: not revenue
EX07,Lynas Rare Earths,consolidated,,total_REO,oxide,cash_receipts,not_applicable,FY2023,FY,2023-06-30,820.8,1000000,820800000.0,AUD,AUD,not_applicable,as_reported,,True,annual,lynas_financial_FY2025.pdf,20,17.0,820.8,en,high,Cash received in the year: not revenue
EX08,Lynas Rare Earths,consolidated,,total_REO,oxide,cash_receipts,not_applicable,FY2022,FY,2022-06-30,855.0,1000000,855000000.0,AUD,AUD,not_applicable,as_reported,,True,annual,lynas_financial_FY2025.pdf,20,17.0,855.0,en,high,Cash received in the year: not revenue
EX09,Lynas Rare Earths,consolidated,,total_REO,oxide,revenue,contained_REO,FY2025,FY,2025-06-30,556.5,1000000,556500000.0,AUD,AUD,not_applicable,as_reported,,False,annual,lynas_financial_FY2025.pdf,20,17.0,556.5,en,high,
EX10,Lynas Rare Earths,consolidated,,total_REO,oxide,revenue,contained_REO,FY2024,FY,2024-06-30,463.3,1000000,463300000.0,AUD,AUD,not_applicable,as_reported,,True,annual,lynas_financial_FY2025.pdf,20,17.0,463.3,en,high,
EX11,Lynas Rare Earths,consolidated,,total_REO,oxide,revenue,contained_REO,FY2023,FY,2023-06-30,739.3,1000000,739300000.0,AUD,AUD,not_applicable,as_reported,,True,annual,lynas_financial_FY2025.pdf,20,17.0,739.3,en,high,
EX12,Lynas Rare Earths,consolidated,,total_REO,oxide,revenue,contained_REO,FY2022,FY,2022-06-30,920.0,1000000,920000000.0,AUD,AUD,not_applicable,as_reported,,True,annual,lynas_financial_FY2025.pdf,20,17.0,920.0,en,high,
EX13,Lynas Rare Earths,consolidated,,total_REO,oxide,avg_selling_price,contained_REO,FY2025,FY,2025-06-30,50.6,1,50.6,AUD_per_kg,AUD,basket,as_reported,,False,annual,lynas_financial_FY2025.pdf,20,17.0,50.6,en,high,Across all rare earth products sold: not an NdPr price
EX14,Lynas Rare Earths,consolidated,,total_REO,oxide,avg_selling_price,contained_REO,FY2024,FY,2024-06-30,38.1,1,38.1,AUD_per_kg,AUD,basket,as_reported,,True,annual,lynas_financial_FY2025.pdf,20,17.0,38.1,en,high,Across all rare earth products sold: not an NdPr price
EX15,Lynas Rare Earths,consolidated,,total_REO,oxide,avg_selling_price,contained_REO,FY2023,FY,2023-06-30,46.2,1,46.2,AUD_per_kg,AUD,basket,as_reported,,True,annual,lynas_financial_FY2025.pdf,20,17.0,46.2,en,high,Across all rare earth products sold: not an NdPr price
EX16,Lynas Rare Earths,consolidated,,total_REO,oxide,avg_selling_price,contained_REO,FY2022,FY,2022-06-30,60.3,1,60.3,AUD_per_kg,AUD,basket,as_reported,,True,annual,lynas_financial_FY2025.pdf,20,17.0,60.3,en,high,Across all rare earth products sold: not an NdPr price
EX17,Lynas Rare Earths,consolidated,,total_REO,oxide,production_volume,contained_REO,FY2025,FY,2025-06-30,10462.0,1,10462.0,tonnes,none,not_applicable,as_reported,,False,annual,lynas_financial_FY2025.pdf,20,17.0,"10,462",en,high,
EX18,Lynas Rare Earths,consolidated,,total_REO,oxide,production_volume,contained_REO,FY2024,FY,2024-06-30,10908.0,1,10908.0,tonnes,none,not_applicable,as_reported,,True,annual,lynas_financial_FY2025.pdf,20,17.0,"10,908",en,high,
EX19,Lynas Rare Earths,consolidated,,total_REO,oxide,production_volume,contained_REO,FY2023,FY,2023-06-30,16780.0,1,16780.0,tonnes,none,not_applicable,as_reported,,True,annual,lynas_financial_FY2025.pdf,20,17.0,"16,780",en,high,
EX20,Lynas Rare Earths,consolidated,,total_REO,oxide,production_volume,contained_REO,FY2022,FY,2022-06-30,15970.0,1,15970.0,tonnes,none,not_applicable,as_reported,,True,annual,lynas_financial_FY2025.pdf,20,17.0,"15,970",en,high,
EX21,Lynas Rare Earths,consolidated,,NdPr,oxide,production_volume,contained_REO,FY2025,FY,2025-06-30,6558.0,1,6558.0,tonnes,none,not_applicable,as_reported,,False,annual,lynas_financial_FY2025.pdf,20,17.0,"6,558",en,high,
EX22,Lynas Rare Earths,consolidated,,NdPr,oxide,production_volume,contained_REO,FY2024,FY,2024-06-30,5655.0,1,5655.0,tonnes,none,not_applicable,as_reported,,True,annual,lynas_financial_FY2025.pdf,20,17.0,"5,655",en,high,
EX23,Lynas Rare Earths,consolidated,,NdPr,oxide,production_volume,contained_REO,FY2023,FY,2023-06-30,6142.0,1,6142.0,tonnes,none,not_applicable,as_reported,,True,annual,lynas_financial_FY2025.pdf,20,17.0,"6,142",en,high,
EX24,Lynas Rare Earths,consolidated,,NdPr,oxide,production_volume,contained_REO,FY2022,FY,2022-06-30,5880.0,1,5880.0,tonnes,none,not_applicable,as_reported,,True,annual,lynas_financial_FY2025.pdf,20,17.0,"5,880",en,high,
EX25,Lynas Rare Earths,consolidated,,total_REO,oxide,revenue,contained_REO,FY2021,FY,2021-06-30,489024.0,1000,489024000.0,AUD,AUD,not_applicable,as_reported,,True,annual,lynas_financial_FY2025.pdf,58,55.0,"489,024",en,high,
EX26,Lynas Rare Earths,consolidated,,total_REO,oxide,revenue,contained_REO,FY2022,FY,2022-06-30,920014.0,1000,920014000.0,AUD,AUD,not_applicable,as_reported,,True,annual,lynas_financial_FY2025.pdf,58,55.0,"920,014",en,high,
EX27,Lynas Rare Earths,consolidated,,total_REO,oxide,revenue,contained_REO,FY2023,FY,2023-06-30,739279.0,1000,739279000.0,AUD,AUD,not_applicable,as_reported,,True,annual,lynas_financial_FY2025.pdf,58,55.0,"739,279",en,high,
EX28,Lynas Rare Earths,consolidated,,total_REO,oxide,revenue,contained_REO,FY2024,FY,2024-06-30,463285.0,1000,463285000.0,AUD,AUD,not_applicable,as_reported,,True,annual,lynas_financial_FY2025.pdf,58,55.0,"463,285",en,high,
EX29,Lynas Rare Earths,consolidated,,total_REO,oxide,revenue,contained_REO,FY2025,FY,2025-06-30,556512.0,1000,556512000.0,AUD,AUD,not_applicable,as_reported,,False,annual,lynas_financial_FY2025.pdf,58,55.0,"556,512",en,high,
EX30,Lynas Rare Earths,consolidated,,total_REO,oxide,production_volume,contained_REO,FY2021,FY,2021-06-30,15761.0,1,15761.0,tonnes,none,not_applicable,as_reported,,True,annual,lynas_financial_FY2025.pdf,58,55.0,"15,761",en,high,
EX31,Lynas Rare Earths,consolidated,,total_REO,oxide,production_volume,contained_REO,FY2022,FY,2022-06-30,15970.0,1,15970.0,tonnes,none,not_applicable,as_reported,,True,annual,lynas_financial_FY2025.pdf,58,55.0,"15,970",en,high,
EX32,Lynas Rare Earths,consolidated,,total_REO,oxide,production_volume,contained_REO,FY2023,FY,2023-06-30,16780.0,1,16780.0,tonnes,none,not_applicable,as_reported,,True,annual,lynas_financial_FY2025.pdf,58,55.0,"16,780",en,high,
EX33,Lynas Rare Earths,consolidated,,total_REO,oxide,production_volume,contained_REO,FY2024,FY,2024-06-30,10908.0,1,10908.0,tonnes,none,not_applicable,as_reported,,True,annual,lynas_financial_FY2025.pdf,58,55.0,"10,908",en,high,
EX34,Lynas Rare Earths,consolidated,,total_REO,oxide,production_volume,contained_REO,FY2025,FY,2025-06-30,10462.0,1,10462.0,tonnes,none,not_applicable,as_reported,,False,annual,lynas_financial_FY2025.pdf,58,55.0,"10,462",en,high,
EX35,Lynas Rare Earths,consolidated,,total_REO,oxide,sales_volume,contained_REO,FY2021,FY,2021-06-30,16405.0,1,16405.0,tonnes,none,not_applicable,as_reported,,True,annual,lynas_financial_FY2025.pdf,58,55.0,"16,405",en,high,
EX36,Lynas Rare Earths,consolidated,,total_REO,oxide,sales_volume,contained_REO,FY2022,FY,2022-06-30,15263.0,1,15263.0,tonnes,none,not_applicable,as_reported,,True,annual,lynas_financial_FY2025.pdf,58,55.0,"15,263",en,high,
EX37,Lynas Rare Earths,consolidated,,total_REO,oxide,sales_volume,contained_REO,FY2023,FY,2023-06-30,16014.0,1,16014.0,tonnes,none,not_applicable,as_reported,,True,annual,lynas_financial_FY2025.pdf,58,55.0,"16,014",en,high,
EX38,Lynas Rare Earths,consolidated,,total_REO,oxide,sales_volume,contained_REO,FY2024,FY,2024-06-30,12158.0,1,12158.0,tonnes,none,not_applicable,as_reported,,True,annual,lynas_financial_FY2025.pdf,58,55.0,"12,158",en,high,
EX39,Lynas Rare Earths,consolidated,,total_REO,oxide,sales_volume,contained_REO,FY2025,FY,2025-06-30,10970.0,1,10970.0,tonnes,none,not_applicable,as_reported,,False,annual,lynas_financial_FY2025.pdf,58,55.0,"10,970",en,high,
EX40,Lynas Rare Earths,consolidated,,total_REO,oxide,avg_selling_price,contained_REO,FY2021,FY,2021-06-30,29.81,1,29.81,AUD_per_kg,AUD,basket,as_reported,,True,annual,lynas_financial_FY2025.pdf,58,55.0,29.81,en,high,Label says per REO tonne but the values are A$ per kg (revenue / volume confirms)
EX41,Lynas Rare Earths,consolidated,,total_REO,oxide,avg_selling_price,contained_REO,FY2022,FY,2022-06-30,60.27,1,60.27,AUD_per_kg,AUD,basket,as_reported,,True,annual,lynas_financial_FY2025.pdf,58,55.0,60.27,en,high,Label says per REO tonne but the values are A$ per kg (revenue / volume confirms)
EX42,Lynas Rare Earths,consolidated,,total_REO,oxide,avg_selling_price,contained_REO,FY2023,FY,2023-06-30,46.16,1,46.16,AUD_per_kg,AUD,basket,as_reported,,True,annual,lynas_financial_FY2025.pdf,58,55.0,46.16,en,high,Label says per REO tonne but the values are A$ per kg (revenue / volume confirms)
EX43,Lynas Rare Earths,consolidated,,total_REO,oxide,avg_selling_price,contained_REO,FY2024,FY,2024-06-30,38.1,1,38.1,AUD_per_kg,AUD,basket,as_reported,,True,annual,lynas_financial_FY2025.pdf,58,55.0,38.10,en,high,Label says per REO tonne but the values are A$ per kg (revenue / volume confirms)
EX44,Lynas Rare Earths,consolidated,,total_REO,oxide,avg_selling_price,contained_REO,FY2025,FY,2025-06-30,50.6,1,50.6,AUD_per_kg,AUD,basket,as_reported,,False,annual,lynas_financial_FY2025.pdf,58,55.0,50.60,en,high,Label says per REO tonne but the values are A$ per kg (revenue / volume confirms)
EX01,Lynas Rare Earths,consolidated,,total_REO,oxide,sales_volume,contained_REO,FY2026,FY,2026-06-30,12122.0,1,12122.0,tonnes,none,not_applicable,as_reported,,False,annual,lynas_financial_FY2026.pdf,20,17.0,"12,122",en,high,
EX02,Lynas Rare Earths,consolidated,,total_REO,oxide,sales_volume,contained_REO,FY2025,FY,2025-06-30,10970.0,1,10970.0,tonnes,none,not_applicable,as_reported,,True,annual,lynas_financial_FY2026.pdf,20,17.0,"10,970",en,high,
EX03,Lynas Rare Earths,consolidated,,total_REO,oxide,sales_volume,contained_REO,FY2024,FY,2024-06-30,12158.0,1,12158.0,tonnes,none,not_applicable,as_reported,,True,annual,lynas_financial_FY2026.pdf,20,17.0,"12,158",en,high,
EX04,Lynas Rare Earths,consolidated,,total_REO,oxide,sales_volume,contained_REO,FY2023,FY,2023-06-30,16014.0,1,16014.0,tonnes,none,not_applicable,as_reported,,True,annual,lynas_financial_FY2026.pdf,20,17.0,"16,014",en,high,
EX05,Lynas Rare Earths,consolidated,,total_REO,oxide,cash_receipts,not_applicable,FY2026,FY,2026-06-30,887.3,1000000,887300000.0,AUD,AUD,not_applicable,as_reported,,False,annual,lynas_financial_FY2026.pdf,20,17.0,887.3,en,high,Cash received in the year: not revenue
EX06,Lynas Rare Earths,consolidated,,total_REO,oxide,cash_receipts,not_applicable,FY2025,FY,2025-06-30,550.7,1000000,550700000.0,AUD,AUD,not_applicable,as_reported,,True,annual,lynas_financial_FY2026.pdf,20,17.0,550.7,en,high,Cash received in the year: not revenue
EX07,Lynas Rare Earths,consolidated,,total_REO,oxide,cash_receipts,not_applicable,FY2024,FY,2024-06-30,460.8,1000000,460800000.0,AUD,AUD,not_applicable,as_reported,,True,annual,lynas_financial_FY2026.pdf,20,17.0,460.8,en,high,Cash received in the year: not revenue
EX08,Lynas Rare Earths,consolidated,,total_REO,oxide,cash_receipts,not_applicable,FY2023,FY,2023-06-30,820.8,1000000,820800000.0,AUD,AUD,not_applicable,as_reported,,True,annual,lynas_financial_FY2026.pdf,20,17.0,820.8,en,high,Cash received in the year: not revenue
EX09,Lynas Rare Earths,consolidated,,total_REO,oxide,revenue,contained_REO,FY2026,FY,2026-06-30,977.9,1000000,977900000.0,AUD,AUD,not_applicable,as_reported,,False,annual,lynas_financial_FY2026.pdf,20,17.0,977.9,en,high,
EX10,Lynas Rare Earths,consolidated,,total_REO,oxide,revenue,contained_REO,FY2025,FY,2025-06-30,556.5,1000000,556500000.0,AUD,AUD,not_applicable,as_reported,,True,annual,lynas_financial_FY2026.pdf,20,17.0,556.5,en,high,
EX11,Lynas Rare Earths,consolidated,,total_REO,oxide,revenue,contained_REO,FY2024,FY,2024-06-30,463.3,1000000,463300000.0,AUD,AUD,not_applicable,as_reported,,True,annual,lynas_financial_FY2026.pdf,20,17.0,463.3,en,high,
EX12,Lynas Rare Earths,consolidated,,total_REO,oxide,revenue,contained_REO,FY2023,FY,2023-06-30,739.3,1000000,739300000.0,AUD,AUD,not_applicable,as_reported,,True,annual,lynas_financial_FY2026.pdf,20,17.0,739.3,en,high,
EX13,Lynas Rare Earths,consolidated,,total_REO,oxide,avg_selling_price,contained_REO,FY2026,FY,2026-06-30,80.7,1,80.7,AUD_per_kg,AUD,basket,as_reported,,False,annual,lynas_financial_FY2026.pdf,20,17.0,80.7,en,high,Across all rare earth products sold: not an NdPr price
EX14,Lynas Rare Earths,consolidated,,total_REO,oxide,avg_selling_price,contained_REO,FY2025,FY,2025-06-30,50.6,1,50.6,AUD_per_kg,AUD,basket,as_reported,,True,annual,lynas_financial_FY2026.pdf,20,17.0,50.6,en,high,Across all rare earth products sold: not an NdPr price
EX15,Lynas Rare Earths,consolidated,,total_REO,oxide,avg_selling_price,contained_REO,FY2024,FY,2024-06-30,38.1,1,38.1,AUD_per_kg,AUD,basket,as_reported,,True,annual,lynas_financial_FY2026.pdf,20,17.0,38.1,en,high,Across all rare earth products sold: not an NdPr price
EX16,Lynas Rare Earths,consolidated,,total_REO,oxide,avg_selling_price,contained_REO,FY2023,FY,2023-06-30,46.2,1,46.2,AUD_per_kg,AUD,basket,as_reported,,True,annual,lynas_financial_FY2026.pdf,20,17.0,46.2,en,high,Across all rare earth products sold: not an NdPr price
EX17,Lynas Rare Earths,consolidated,,total_REO,oxide,production_volume,contained_REO,FY2026,FY,2026-06-30,13089.0,1,13089.0,tonnes,none,not_applicable,as_reported,,False,annual,lynas_financial_FY2026.pdf,21,18.0,"13,089",en,high,
EX18,Lynas Rare Earths,consolidated,,total_REO,oxide,production_volume,contained_REO,FY2025,FY,2025-06-30,10462.0,1,10462.0,tonnes,none,not_applicable,as_reported,,True,annual,lynas_financial_FY2026.pdf,21,18.0,"10,462",en,high,
EX19,Lynas Rare Earths,consolidated,,total_REO,oxide,production_volume,contained_REO,FY2024,FY,2024-06-30,10908.0,1,10908.0,tonnes,none,not_applicable,as_reported,,True,annual,lynas_financial_FY2026.pdf,21,18.0,"10,908",en,high,
EX20,Lynas Rare Earths,consolidated,,total_REO,oxide,production_volume,contained_REO,FY2023,FY,2023-06-30,16780.0,1,16780.0,tonnes,none,not_applicable,as_reported,,True,annual,lynas_financial_FY2026.pdf,21,18.0,"16,780",en,high,
EX21,Lynas Rare Earths,consolidated,,NdPr,oxide,production_volume,contained_REO,FY2026,FY,2026-06-30,7260.0,1,7260.0,tonnes,none,not_applicable,as_reported,,False,annual,lynas_financial_FY2026.pdf,21,18.0,"7,260",en,high,
EX22,Lynas Rare Earths,consolidated,,NdPr,oxide,production_volume,contained_REO,FY2025,FY,2025-06-30,6558.0,1,6558.0,tonnes,none,not_applicable,as_reported,,True,annual,lynas_financial_FY2026.pdf,21,18.0,"6,558",en,high,
EX23,Lynas Rare Earths,consolidated,,NdPr,oxide,production_volume,contained_REO,FY2024,FY,2024-06-30,5655.0,1,5655.0,tonnes,none,not_applicable,as_reported,,True,annual,lynas_financial_FY2026.pdf,21,18.0,"5,655",en,high,
EX24,Lynas Rare Earths,consolidated,,NdPr,oxide,production_volume,contained_REO,FY2023,FY,2023-06-30,6142.0,1,6142.0,tonnes,none,not_applicable,as_reported,,True,annual,lynas_financial_FY2026.pdf,21,18.0,"6,142",en,high,
EX25,Lynas Rare Earths,consolidated,,total_REO,oxide,revenue,contained_REO,FY2022,FY,2022-06-30,920014.0,1000,920014000.0,AUD,AUD,not_applicable,as_reported,,True,annual,lynas_financial_FY2026.pdf,68,65.0,"920,014",en,high,
EX26,Lynas Rare Earths,consolidated,,total_REO,oxide,revenue,contained_REO,FY2023,FY,2023-06-30,739279.0,1000,739279000.0,AUD,AUD,not_applicable,as_reported,,True,annual,lynas_financial_FY2026.pdf,68,65.0,"739,279",en,high,
EX27,Lynas Rare Earths,consolidated,,total_REO,oxide,revenue,contained_REO,FY2024,FY,2024-06-30,463285.0,1000,463285000.0,AUD,AUD,not_applicable,as_reported,,True,annual,lynas_financial_FY2026.pdf,68,65.0,"463,285",en,high,
EX28,Lynas Rare Earths,consolidated,,total_REO,oxide,revenue,contained_REO,FY2025,FY,2025-06-30,556512.0,1000,556512000.0,AUD,AUD,not_applicable,as_reported,,True,annual,lynas_financial_FY2026.pdf,68,65.0,"556,512",en,high,
EX29,Lynas Rare Earths,consolidated,,total_REO,oxide,revenue,contained_REO,FY2026,FY,2026-06-30,977945.0,1000,977945000.0,AUD,AUD,not_applicable,as_reported,,False,annual,lynas_financial_FY2026.pdf,68,65.0,"977,945",en,high,
EX30,Lynas Rare Earths,consolidated,,total_REO,oxide,production_volume,contained_REO,FY2022,FY,2022-06-30,15970.0,1,15970.0,tonnes,none,not_applicable,as_reported,,True,annual,lynas_financial_FY2026.pdf,68,65.0,"15,970",en,high,
EX31,Lynas Rare Earths,consolidated,,total_REO,oxide,production_volume,contained_REO,FY2023,FY,2023-06-30,16780.0,1,16780.0,tonnes,none,not_applicable,as_reported,,True,annual,lynas_financial_FY2026.pdf,68,65.0,"16,780",en,high,
EX32,Lynas Rare Earths,consolidated,,total_REO,oxide,production_volume,contained_REO,FY2024,FY,2024-06-30,10908.0,1,10908.0,tonnes,none,not_applicable,as_reported,,True,annual,lynas_financial_FY2026.pdf,68,65.0,"10,908",en,high,
EX33,Lynas Rare Earths,consolidated,,total_REO,oxide,production_volume,contained_REO,FY2025,FY,2025-06-30,10462.0,1,10462.0,tonnes,none,not_applicable,as_reported,,True,annual,lynas_financial_FY2026.pdf,68,65.0,"10,462",en,high,
EX34,Lynas Rare Earths,consolidated,,total_REO,oxide,production_volume,contained_REO,FY2026,FY,2026-06-30,13089.0,1,13089.0,tonnes,none,not_applicable,as_reported,,False,annual,lynas_financial_FY2026.pdf,68,65.0,"13,089",en,high,
EX35,Lynas Rare Earths,consolidated,,total_REO,oxide,sales_volume,contained_REO,FY2022,FY,2022-06-30,15263.0,1,15263.0,tonnes,none,not_applicable,as_reported,,True,annual,lynas_financial_FY2026.pdf,68,65.0,"15,263",en,high,
EX36,Lynas Rare Earths,consolidated,,total_REO,oxide,sales_volume,contained_REO,FY2023,FY,2023-06-30,16014.0,1,16014.0,tonnes,none,not_applicable,as_reported,,True,annual,lynas_financial_FY2026.pdf,68,65.0,"16,014",en,high,
EX37,Lynas Rare Earths,consolidated,,total_REO,oxide,sales_volume,contained_REO,FY2024,FY,2024-06-30,12158.0,1,12158.0,tonnes,none,not_applicable,as_reported,,True,annual,lynas_financial_FY2026.pdf,68,65.0,"12,158",en,high,
EX38,Lynas Rare Earths,consolidated,,total_REO,oxide,sales_volume,contained_REO,FY2025,FY,2025-06-30,10970.0,1,10970.0,tonnes,none,not_applicable,as_reported,,True,annual,lynas_financial_FY2026.pdf,68,65.0,"10,970",en,high,
EX39,Lynas Rare Earths,consolidated,,total_REO,oxide,sales_volume,contained_REO,FY2026,FY,2026-06-30,12122.0,1,12122.0,tonnes,none,not_applicable,as_reported,,False,annual,lynas_financial_FY2026.pdf,68,65.0,"12,122",en,high,
EX40,Lynas Rare Earths,consolidated,,total_REO,oxide,avg_selling_price,contained_REO,FY2022,FY,2022-06-30,60.27,1,60.27,AUD_per_kg,AUD,basket,as_reported,,True,annual,lynas_financial_FY2026.pdf,68,65.0,60.27,en,high,Label says per REO tonne but the values are A$ per kg (revenue / volume confirms)
EX41,Lynas Rare Earths,consolidated,,total_REO,oxide,avg_selling_price,contained_REO,FY2023,FY,2023-06-30,46.16,1,46.16,AUD_per_kg,AUD,basket,as_reported,,True,annual,lynas_financial_FY2026.pdf,68,65.0,46.16,en,high,Label says per REO tonne but the values are A$ per kg (revenue / volume confirms)
EX42,Lynas Rare Earths,consolidated,,total_REO,oxide,avg_selling_price,contained_REO,FY2024,FY,2024-06-30,38.1,1,38.1,AUD_per_kg,AUD,basket,as_reported,,True,annual,lynas_financial_FY2026.pdf,68,65.0,38.10,en,high,Label says per REO tonne but the values are A$ per kg (revenue / volume confirms)
EX43,Lynas Rare Earths,consolidated,,total_REO,oxide,avg_selling_price,contained_REO,FY2025,FY,2025-06-30,50.6,1,50.6,AUD_per_kg,AUD,basket,as_reported,,True,annual,lynas_financial_FY2026.pdf,68,65.0,50.60,en,high,Label says per REO tonne but the values are A$ per kg (revenue / volume confirms)
EX44,Lynas Rare Earths,consolidated,,total_REO,oxide,avg_selling_price,contained_REO,FY2026,FY,2026-06-30,80.68,1,80.68,AUD_per_kg,AUD,basket,as_reported,,False,annual,lynas_financial_FY2026.pdf,68,65.0,80.68,en,high,Label says per REO tonne but the values are A$ per kg (revenue / volume confirms)
EX01,MP Materials,consolidated,,not_applicable,not_applicable,revenue,not_applicable,FY2020,FY,2020-12-31,134310.0,1000,134310000.0,USD,USD,not_applicable,as_reported,,False,annual,mp-materials_10k_FY2020.pdf,55,51.0,"$ 134,310",en,high,
EX02,MP Materials,consolidated,,not_applicable,not_applicable,revenue,not_applicable,FY2019,FY,2019-12-31,73411.0,1000,73411000.0,USD,USD,not_applicable,as_reported,,True,annual,mp-materials_10k_FY2020.pdf,55,51.0,"$ 73,411",en,high,
EX03,MP Materials,segment,Materials,total_REO,concentrate,production_volume,contained_REO,FY2020,FY,2020-12-31,38503.0,1,38503.0,tonnes,none,not_applicable,as_reported,,False,annual,mp-materials_10k_FY2020.pdf,51,47.0,"38,503",en,high,
EX04,MP Materials,segment,Materials,total_REO,concentrate,production_volume,contained_REO,FY2019,FY,2019-12-31,27620.0,1,27620.0,tonnes,none,not_applicable,as_reported,,True,annual,mp-materials_10k_FY2020.pdf,51,47.0,"27,620",en,high,
EX05,MP Materials,segment,Materials,total_REO,concentrate,sales_volume,contained_REO,FY2020,FY,2020-12-31,38367.0,1,38367.0,tonnes,none,not_applicable,as_reported,,False,annual,mp-materials_10k_FY2020.pdf,51,47.0,"38,367",en,high,
EX06,MP Materials,segment,Materials,total_REO,concentrate,sales_volume,contained_REO,FY2019,FY,2019-12-31,26821.0,1,26821.0,tonnes,none,not_applicable,as_reported,,True,annual,mp-materials_10k_FY2020.pdf,51,47.0,"26,821",en,high,
EX07,MP Materials,segment,Materials,total_REO,concentrate,avg_selling_price,contained_REO,FY2020,FY,2020-12-31,3311.0,1,3311.0,USD_per_tonne,USD,basket,as_reported,,False,annual,mp-materials_10k_FY2020.pdf,51,47.0,"$ 3,311",en,high,
EX08,MP Materials,segment,Materials,total_REO,concentrate,avg_selling_price,contained_REO,FY2019,FY,2019-12-31,2793.0,1,2793.0,USD_per_tonne,USD,basket,as_reported,,True,annual,mp-materials_10k_FY2020.pdf,51,47.0,"$ 2,793",en,high,
EX09,MP Materials,site,,Ce,concentrate,composition_pct,contained_REO,not_applicable,,,49.1,1,49.1,percent,none,not_applicable,as_reported,,False,annual,mp-materials_10k_FY2020.pdf,17,13.0,49.1 %,en,high,
EX10,MP Materials,site,,La,concentrate,composition_pct,contained_REO,not_applicable,,,33.4,1,33.4,percent,none,not_applicable,as_reported,,False,annual,mp-materials_10k_FY2020.pdf,17,13.0,33.4 %,en,high,
EX11,MP Materials,site,,Nd,concentrate,composition_pct,contained_REO,not_applicable,,,11.5,1,11.5,percent,none,not_applicable,as_reported,,False,annual,mp-materials_10k_FY2020.pdf,17,13.0,11.5 %,en,high,
EX12,MP Materials,site,,Pr,concentrate,composition_pct,contained_REO,not_applicable,,,4.3,1,4.3,percent,none,not_applicable,as_reported,,False,annual,mp-materials_10k_FY2020.pdf,17,13.0,4.3 %,en,high,
EX13,MP Materials,site,,SEG+,concentrate,composition_pct,contained_REO,not_applicable,,,1.7,1,1.7,percent,none,not_applicable,as_reported,,False,annual,mp-materials_10k_FY2020.pdf,17,13.0,1.7 %,en,high,
EX01,MP Materials,segment,Materials,total_REO,concentrate,revenue,contained_REO,FY2021,FY,2021-12-31,328563.0,1000,328563000.0,USD,USD,not_applicable,as_reported,,False,annual,mp-materials_10k_FY2021.pdf,43,39.0,"$ 328,563",en,high,
EX02,MP Materials,segment,Materials,total_REO,concentrate,revenue,contained_REO,FY2020,FY,2020-12-31,133697.0,1000,133697000.0,USD,USD,not_applicable,as_reported,,True,annual,mp-materials_10k_FY2021.pdf,43,39.0,"$ 133,697",en,high,
EX03,MP Materials,segment,Materials,total_REO,concentrate,revenue,contained_REO,FY2019,FY,2019-12-31,73017.0,1000,73017000.0,USD,USD,not_applicable,as_reported,,True,annual,mp-materials_10k_FY2021.pdf,43,39.0,"$ 73,017",en,high,
EX04,MP Materials,consolidated,,not_applicable,not_applicable,revenue,not_applicable,FY2021,FY,2021-12-31,331952.0,1000,331952000.0,USD,USD,not_applicable,as_reported,,False,annual,mp-materials_10k_FY2021.pdf,43,39.0,"331,952",en,high,
EX05,MP Materials,consolidated,,not_applicable,not_applicable,revenue,not_applicable,FY2020,FY,2020-12-31,134310.0,1000,134310000.0,USD,USD,not_applicable,as_reported,,True,annual,mp-materials_10k_FY2021.pdf,43,39.0,"134,310",en,high,
EX06,MP Materials,consolidated,,not_applicable,not_applicable,revenue,not_applicable,FY2019,FY,2019-12-31,73411.0,1000,73411000.0,USD,USD,not_applicable,as_reported,,True,annual,mp-materials_10k_FY2021.pdf,43,39.0,"73,411",en,high,
EX07,MP Materials,segment,Materials,total_REO,concentrate,production_volume,contained_REO,FY2021,FY,2021-12-31,42413.0,1,42413.0,tonnes,none,not_applicable,as_reported,,False,annual,mp-materials_10k_FY2021.pdf,38,34.0,"42,413",en,high,
EX08,MP Materials,segment,Materials,total_REO,concentrate,production_volume,contained_REO,FY2020,FY,2020-12-31,38503.0,1,38503.0,tonnes,none,not_applicable,as_reported,,True,annual,mp-materials_10k_FY2021.pdf,38,34.0,"38,503",en,high,
EX09,MP Materials,segment,Materials,total_REO,concentrate,production_volume,contained_REO,FY2019,FY,2019-12-31,27620.0,1,27620.0,tonnes,none,not_applicable,as_reported,,True,annual,mp-materials_10k_FY2021.pdf,38,34.0,"27,620",en,high,
EX10,MP Materials,segment,Materials,total_REO,concentrate,sales_volume,contained_REO,FY2021,FY,2021-12-31,42158.0,1,42158.0,tonnes,none,not_applicable,as_reported,,False,annual,mp-materials_10k_FY2021.pdf,38,34.0,"42,158",en,high,
EX11,MP Materials,segment,Materials,total_REO,concentrate,sales_volume,contained_REO,FY2020,FY,2020-12-31,38367.0,1,38367.0,tonnes,none,not_applicable,as_reported,,True,annual,mp-materials_10k_FY2021.pdf,38,34.0,"38,367",en,high,
EX12,MP Materials,segment,Materials,total_REO,concentrate,sales_volume,contained_REO,FY2019,FY,2019-12-31,26821.0,1,26821.0,tonnes,none,not_applicable,as_reported,,True,annual,mp-materials_10k_FY2021.pdf,38,34.0,"26,821",en,high,
EX13,MP Materials,segment,Materials,total_REO,concentrate,avg_selling_price,contained_REO,FY2021,FY,2021-12-31,7745.0,1,7745.0,USD_per_tonne,USD,basket,as_reported,,False,annual,mp-materials_10k_FY2021.pdf,38,34.0,"$ 7,745",en,high,
EX14,MP Materials,segment,Materials,total_REO,concentrate,avg_selling_price,contained_REO,FY2020,FY,2020-12-31,3311.0,1,3311.0,USD_per_tonne,USD,basket,as_reported,,True,annual,mp-materials_10k_FY2021.pdf,38,34.0,"$ 3,311",en,high,
EX15,MP Materials,segment,Materials,total_REO,concentrate,avg_selling_price,contained_REO,FY2019,FY,2019-12-31,2793.0,1,2793.0,USD_per_tonne,USD,basket,as_reported,,True,annual,mp-materials_10k_FY2021.pdf,38,34.0,"$ 2,793",en,high,
EX16,MP Materials,site,,Ce,concentrate,composition_pct,contained_REO,not_applicable,,,50.2,1,50.2,percent,none,not_applicable,as_reported,,False,annual,mp-materials_10k_FY2021.pdf,30,26.0,50.2 %,en,high,
EX17,MP Materials,site,,La,concentrate,composition_pct,contained_REO,not_applicable,,,32.3,1,32.3,percent,none,not_applicable,as_reported,,False,annual,mp-materials_10k_FY2021.pdf,30,26.0,32.3 %,en,high,
EX18,MP Materials,site,,NdPr,concentrate,composition_pct,contained_REO,not_applicable,,,15.7,1,15.7,percent,none,not_applicable,as_reported,,False,annual,mp-materials_10k_FY2021.pdf,30,26.0,15.7 %,en,high,
EX19,MP Materials,site,,SEG+,concentrate,composition_pct,contained_REO,not_applicable,,,1.8,1,1.8,percent,none,not_applicable,as_reported,,False,annual,mp-materials_10k_FY2021.pdf,30,26.0,1.8 %,en,high,
EX01,MP Materials,segment,Materials,total_REO,concentrate,revenue,contained_REO,FY2022,FY,2022-12-31,517267.0,1000,517267000.0,USD,USD,not_applicable,as_reported,,False,annual,mp-materials_10k_FY2022.pdf,42,38.0,"$ 517,267",en,high,
EX02,MP Materials,segment,Materials,total_REO,concentrate,revenue,contained_REO,FY2021,FY,2021-12-31,328563.0,1000,328563000.0,USD,USD,not_applicable,as_reported,,True,annual,mp-materials_10k_FY2022.pdf,42,38.0,"$ 328,563",en,high,
EX03,MP Materials,segment,Materials,total_REO,concentrate,revenue,contained_REO,FY2020,FY,2020-12-31,133697.0,1000,133697000.0,USD,USD,not_applicable,as_reported,,True,annual,mp-materials_10k_FY2022.pdf,42,38.0,"$ 133,697",en,high,
EX04,MP Materials,consolidated,,not_applicable,not_applicable,revenue,not_applicable,FY2022,FY,2022-12-31,527510.0,1000,527510000.0,USD,USD,not_applicable,as_reported,,False,annual,mp-materials_10k_FY2022.pdf,42,38.0,"527,510",en,high,
EX05,MP Materials,consolidated,,not_applicable,not_applicable,revenue,not_applicable,FY2021,FY,2021-12-31,331952.0,1000,331952000.0,USD,USD,not_applicable,as_reported,,True,annual,mp-materials_10k_FY2022.pdf,42,38.0,"331,952",en,high,
EX06,MP Materials,consolidated,,not_applicable,not_applicable,revenue,not_applicable,FY2020,FY,2020-12-31,134310.0,1000,134310000.0,USD,USD,not_applicable,as_reported,,True,annual,mp-materials_10k_FY2022.pdf,42,38.0,"134,310",en,high,
EX07,MP Materials,segment,Materials,total_REO,concentrate,production_volume,contained_REO,FY2022,FY,2022-12-31,42499.0,1,42499.0,tonnes,none,not_applicable,as_reported,,False,annual,mp-materials_10k_FY2022.pdf,39,35.0,"42,499",en,high,
EX08,MP Materials,segment,Materials,total_REO,concentrate,production_volume,contained_REO,FY2021,FY,2021-12-31,42413.0,1,42413.0,tonnes,none,not_applicable,as_reported,,True,annual,mp-materials_10k_FY2022.pdf,39,35.0,"42,413",en,high,
EX09,MP Materials,segment,Materials,total_REO,concentrate,production_volume,contained_REO,FY2020,FY,2020-12-31,38503.0,1,38503.0,tonnes,none,not_applicable,as_reported,,True,annual,mp-materials_10k_FY2022.pdf,39,35.0,"38,503",en,high,
EX10,MP Materials,segment,Materials,total_REO,concentrate,sales_volume,contained_REO,FY2022,FY,2022-12-31,43198.0,1,43198.0,tonnes,none,not_applicable,as_reported,,False,annual,mp-materials_10k_FY2022.pdf,39,35.0,"43,198",en,high,
EX11,MP Materials,segment,Materials,total_REO,concentrate,sales_volume,contained_REO,FY2021,FY,2021-12-31,42158.0,1,42158.0,tonnes,none,not_applicable,as_reported,,True,annual,mp-materials_10k_FY2022.pdf,39,35.0,"42,158",en,high,
EX12,MP Materials,segment,Materials,total_REO,concentrate,sales_volume,contained_REO,FY2020,FY,2020-12-31,38367.0,1,38367.0,tonnes,none,not_applicable,as_reported,,True,annual,mp-materials_10k_FY2022.pdf,39,35.0,"38,367",en,high,
EX13,MP Materials,segment,Materials,total_REO,concentrate,avg_selling_price,contained_REO,FY2022,FY,2022-12-31,11974.0,1,11974.0,USD_per_tonne,USD,basket,as_reported,,False,annual,mp-materials_10k_FY2022.pdf,39,35.0,"$ 11,974",en,high,
EX14,MP Materials,segment,Materials,total_REO,concentrate,avg_selling_price,contained_REO,FY2021,FY,2021-12-31,7745.0,1,7745.0,USD_per_tonne,USD,basket,as_reported,,True,annual,mp-materials_10k_FY2022.pdf,39,35.0,"$ 7,745",en,high,
EX15,MP Materials,segment,Materials,total_REO,concentrate,avg_selling_price,contained_REO,FY2020,FY,2020-12-31,3311.0,1,3311.0,USD_per_tonne,USD,basket,as_reported,,True,annual,mp-materials_10k_FY2022.pdf,39,35.0,"$ 3,311",en,high,
EX16,MP Materials,site,,Ce,concentrate,composition_pct,contained_REO,not_applicable,,,50.2,1,50.2,percent,none,not_applicable,as_reported,,False,annual,mp-materials_10k_FY2022.pdf,30,26.0,50.2 %,en,high,
EX17,MP Materials,site,,La,concentrate,composition_pct,contained_REO,not_applicable,,,32.3,1,32.3,percent,none,not_applicable,as_reported,,False,annual,mp-materials_10k_FY2022.pdf,30,26.0,32.3 %,en,high,
EX18,MP Materials,site,,NdPr,concentrate,composition_pct,contained_REO,not_applicable,,,15.7,1,15.7,percent,none,not_applicable,as_reported,,False,annual,mp-materials_10k_FY2022.pdf,30,26.0,15.7 %,en,high,
EX19,MP Materials,site,,SEG+,concentrate,composition_pct,contained_REO,not_applicable,,,1.8,1,1.8,percent,none,not_applicable,as_reported,,False,annual,mp-materials_10k_FY2022.pdf,30,26.0,1.8 %,en,high,
EX01,MP Materials,segment,Materials,total_REO,concentrate,revenue,contained_REO,FY2023,FY,2023-12-31,252468.0,1000,252468000.0,USD,USD,not_applicable,as_reported,,False,annual,mp-materials_10k_FY2023.pdf,45,41.0,"$ 252,468",en,high,
EX02,MP Materials,segment,Materials,total_REO,concentrate,revenue,contained_REO,FY2022,FY,2022-12-31,517267.0,1000,517267000.0,USD,USD,not_applicable,as_reported,,True,annual,mp-materials_10k_FY2023.pdf,45,41.0,"$ 517,267",en,high,
EX03,MP Materials,segment,Materials,total_REO,concentrate,revenue,contained_REO,FY2021,FY,2021-12-31,328563.0,1000,328563000.0,USD,USD,not_applicable,as_reported,,True,annual,mp-materials_10k_FY2023.pdf,45,41.0,"$ 328,563",en,high,
EX04,MP Materials,segment,Materials,NdPr,oxide,revenue,oxide_equivalent,FY2023,FY,2023-12-31,695.0,1000,695000.0,USD,USD,not_applicable,as_reported,,False,annual,mp-materials_10k_FY2023.pdf,45,41.0,695,en,low,
EX05,MP Materials,consolidated,,not_applicable,not_applicable,revenue,not_applicable,FY2023,FY,2023-12-31,253445.0,1000,253445000.0,USD,USD,not_applicable,as_reported,,False,annual,mp-materials_10k_FY2023.pdf,45,41.0,"253,445",en,high,
EX06,MP Materials,consolidated,,not_applicable,not_applicable,revenue,not_applicable,FY2022,FY,2022-12-31,527510.0,1000,527510000.0,USD,USD,not_applicable,as_reported,,True,annual,mp-materials_10k_FY2023.pdf,45,41.0,"527,510",en,high,
EX07,MP Materials,consolidated,,not_applicable,not_applicable,revenue,not_applicable,FY2021,FY,2021-12-31,331952.0,1000,331952000.0,USD,USD,not_applicable,as_reported,,True,annual,mp-materials_10k_FY2023.pdf,45,41.0,"331,952",en,high,
EX08,MP Materials,segment,Materials,total_REO,concentrate,production_volume,contained_REO,FY2023,FY,2023-12-31,41557.0,1,41557.0,tonnes,none,not_applicable,as_reported,,False,annual,mp-materials_10k_FY2023.pdf,41,37.0,"41,557",en,high,
EX09,MP Materials,segment,Materials,total_REO,concentrate,production_volume,contained_REO,FY2022,FY,2022-12-31,42499.0,1,42499.0,tonnes,none,not_applicable,as_reported,,True,annual,mp-materials_10k_FY2023.pdf,41,37.0,"42,499",en,high,
EX10,MP Materials,segment,Materials,total_REO,concentrate,production_volume,contained_REO,FY2021,FY,2021-12-31,42413.0,1,42413.0,tonnes,none,not_applicable,as_reported,,True,annual,mp-materials_10k_FY2023.pdf,41,37.0,"42,413",en,high,
EX11,MP Materials,segment,Materials,total_REO,concentrate,sales_volume,contained_REO,FY2023,FY,2023-12-31,36837.0,1,36837.0,tonnes,none,not_applicable,as_reported,,False,annual,mp-materials_10k_FY2023.pdf,41,37.0,"36,837",en,high,
EX12,MP Materials,segment,Materials,total_REO,concentrate,sales_volume,contained_REO,FY2022,FY,2022-12-31,43198.0,1,43198.0,tonnes,none,not_applicable,as_reported,,True,annual,mp-materials_10k_FY2023.pdf,41,37.0,"43,198",en,high,
EX13,MP Materials,segment,Materials,total_REO,concentrate,sales_volume,contained_REO,FY2021,FY,2021-12-31,42158.0,1,42158.0,tonnes,none,not_applicable,as_reported,,True,annual,mp-materials_10k_FY2023.pdf,41,37.0,"42,158",en,high,
EX14,MP Materials,segment,Materials,total_REO,concentrate,avg_selling_price,contained_REO,FY2023,FY,2023-12-31,6854.0,1,6854.0,USD_per_tonne,USD,basket,as_reported,,False,annual,mp-materials_10k_FY2023.pdf,41,37.0,"$ 6,854",en,high,
EX15,MP Materials,segment,Materials,total_REO,concentrate,avg_selling_price,contained_REO,FY2022,FY,2022-12-31,11974.0,1,11974.0,USD_per_tonne,USD,basket,as_reported,,True,annual,mp-materials_10k_FY2023.pdf,41,37.0,"$ 11,974",en,high,
EX16,MP Materials,segment,Materials,total_REO,concentrate,avg_selling_price,contained_REO,FY2021,FY,2021-12-31,7745.0,1,7745.0,USD_per_tonne,USD,basket,as_reported,,True,annual,mp-materials_10k_FY2023.pdf,41,37.0,"$ 7,745",en,high,
EX17,MP Materials,segment,Materials,NdPr,oxide,production_volume,gross_weight,FY2023,FY,2023-12-31,200.0,1,200.0,tonnes,none,not_applicable,as_reported,,False,annual,mp-materials_10k_FY2023.pdf,41,37.0,200,en,high,
EX18,MP Materials,segment,Materials,NdPr,oxide,sales_volume,oxide_equivalent,FY2023,FY,2023-12-31,10.0,1,10.0,tonnes,none,not_applicable,as_reported,,False,annual,mp-materials_10k_FY2023.pdf,41,37.0,10,en,low,
EX19,MP Materials,segment,Materials,NdPr,oxide,avg_selling_price,oxide_equivalent,FY2023,FY,2023-12-31,70.0,1,70.0,USD_per_kg,USD,single_material,as_reported,,False,annual,mp-materials_10k_FY2023.pdf,41,37.0,$ 70,en,low,
EX20,MP Materials,site,,Ce,concentrate,composition_pct,contained_REO,not_applicable,,,50.2,1,50.2,percent,none,not_applicable,as_reported,,False,annual,mp-materials_10k_FY2023.pdf,31,27.0,50.2 %,en,high,
EX21,MP Materials,site,,La,concentrate,composition_pct,contained_REO,not_applicable,,,32.3,1,32.3,percent,none,not_applicable,as_reported,,False,annual,mp-materials_10k_FY2023.pdf,31,27.0,32.3 %,en,high,
EX22,MP Materials,site,,NdPr,concentrate,composition_pct,contained_REO,not_applicable,,,15.7,1,15.7,percent,none,not_applicable,as_reported,,False,annual,mp-materials_10k_FY2023.pdf,31,27.0,15.7 %,en,high,
EX23,MP Materials,site,,SEG+,concentrate,composition_pct,contained_REO,not_applicable,,,1.8,1,1.8,percent,none,not_applicable,as_reported,,False,annual,mp-materials_10k_FY2023.pdf,31,27.0,1.8 %,en,high,
EX01,MP Materials,segment,Materials,total_REO,concentrate,revenue,contained_REO,FY2024,FY,2024-12-31,144363.0,1000,144363000.0,USD,USD,not_applicable,as_reported,,False,annual,mp-materials_10k_FY2024.pdf,47,43.0,"$ 144,363",en,high,
EX02,MP Materials,segment,Materials,total_REO,concentrate,revenue,contained_REO,FY2023,FY,2023-12-31,252468.0,1000,252468000.0,USD,USD,not_applicable,as_reported,,True,annual,mp-materials_10k_FY2024.pdf,47,43.0,"$ 252,468",en,high,
EX03,MP Materials,segment,Materials,total_REO,concentrate,revenue,contained_REO,FY2022,FY,2022-12-31,517267.0,1000,517267000.0,USD,USD,not_applicable,as_reported,,True,annual,mp-materials_10k_FY2024.pdf,47,43.0,"$ 517,267",en,high,
EX04,MP Materials,segment,Materials,NdPr,oxide,revenue,oxide_equivalent,FY2024,FY,2024-12-31,57762.0,1000,57762000.0,USD,USD,not_applicable,as_reported,,False,annual,mp-materials_10k_FY2024.pdf,47,43.0,"57,762",en,low,
EX05,MP Materials,segment,Materials,NdPr,oxide,revenue,oxide_equivalent,FY2023,FY,2023-12-31,695.0,1000,695000.0,USD,USD,not_applicable,as_reported,,True,annual,mp-materials_10k_FY2024.pdf,47,43.0,695,en,low,
EX06,MP Materials,consolidated,,not_applicable,not_applicable,revenue,not_applicable,FY2024,FY,2024-12-31,203855.0,1000,203855000.0,USD,USD,not_applicable,as_reported,,False,annual,mp-materials_10k_FY2024.pdf,47,43.0,"$ 203,855",en,high,
EX07,MP Materials,consolidated,,not_applicable,not_applicable,revenue,not_applicable,FY2023,FY,2023-12-31,253445.0,1000,253445000.0,USD,USD,not_applicable,as_reported,,True,annual,mp-materials_10k_FY2024.pdf,47,43.0,"$ 253,445",en,high,
EX08,MP Materials,consolidated,,not_applicable,not_applicable,revenue,not_applicable,FY2022,FY,2022-12-31,527510.0,1000,527510000.0,USD,USD,not_applicable,as_reported,,True,annual,mp-materials_10k_FY2024.pdf,47,43.0,"$ 527,510",en,high,
EX09,MP Materials,segment,Materials,total_REO,concentrate,production_volume,contained_REO,FY2024,FY,2024-12-31,45455.0,1,45455.0,tonnes,none,not_applicable,as_reported,,False,annual,mp-materials_10k_FY2024.pdf,51,47.0,"45,455",en,high,
EX10,MP Materials,segment,Materials,total_REO,concentrate,production_volume,contained_REO,FY2023,FY,2023-12-31,41557.0,1,41557.0,tonnes,none,not_applicable,as_reported,,True,annual,mp-materials_10k_FY2024.pdf,51,47.0,"41,557",en,high,
EX11,MP Materials,segment,Materials,total_REO,concentrate,production_volume,contained_REO,FY2022,FY,2022-12-31,42499.0,1,42499.0,tonnes,none,not_applicable,as_reported,,True,annual,mp-materials_10k_FY2024.pdf,51,47.0,"42,499",en,high,
EX12,MP Materials,segment,Materials,total_REO,concentrate,sales_volume,contained_REO,FY2024,FY,2024-12-31,32703.0,1,32703.0,tonnes,none,not_applicable,as_reported,,False,annual,mp-materials_10k_FY2024.pdf,51,47.0,"32,703",en,high,
EX13,MP Materials,segment,Materials,total_REO,concentrate,sales_volume,contained_REO,FY2023,FY,2023-12-31,36837.0,1,36837.0,tonnes,none,not_applicable,as_reported,,True,annual,mp-materials_10k_FY2024.pdf,51,47.0,"36,837",en,high,
EX14,MP Materials,segment,Materials,total_REO,concentrate,sales_volume,contained_REO,FY2022,FY,2022-12-31,43198.0,1,43198.0,tonnes,none,not_applicable,as_reported,,True,annual,mp-materials_10k_FY2024.pdf,51,47.0,"43,198",en,high,
EX15,MP Materials,segment,Materials,total_REO,concentrate,avg_selling_price,contained_REO,FY2024,FY,2024-12-31,4414.0,1,4414.0,USD_per_tonne,USD,basket,as_reported,,False,annual,mp-materials_10k_FY2024.pdf,51,47.0,"$ 4,414",en,high,
EX16,MP Materials,segment,Materials,total_REO,concentrate,avg_selling_price,contained_REO,FY2023,FY,2023-12-31,6854.0,1,6854.0,USD_per_tonne,USD,basket,as_reported,,True,annual,mp-materials_10k_FY2024.pdf,51,47.0,"$ 6,854",en,high,
EX17,MP Materials,segment,Materials,total_REO,concentrate,avg_selling_price,contained_REO,FY2022,FY,2022-12-31,11974.0,1,11974.0,USD_per_tonne,USD,basket,as_reported,,True,annual,mp-materials_10k_FY2024.pdf,51,47.0,"$ 11,974",en,high,
EX18,MP Materials,segment,Materials,NdPr,oxide,production_volume,gross_weight,FY2024,FY,2024-12-31,1294.0,1,1294.0,tonnes,none,not_applicable,as_reported,,False,annual,mp-materials_10k_FY2024.pdf,51,47.0,"1,294",en,high,
EX19,MP Materials,segment,Materials,NdPr,oxide,production_volume,gross_weight,FY2023,FY,2023-12-31,200.0,1,200.0,tonnes,none,not_applicable,as_reported,,True,annual,mp-materials_10k_FY2024.pdf,51,47.0,200,en,high,
EX20,MP Materials,segment,Materials,NdPr,oxide,sales_volume,oxide_equivalent,FY2024,FY,2024-12-31,1142.0,1,1142.0,tonnes,none,not_applicable,as_reported,,False,annual,mp-materials_10k_FY2024.pdf,51,47.0,"1,142",en,low,
EX21,MP Materials,segment,Materials,NdPr,oxide,sales_volume,oxide_equivalent,FY2023,FY,2023-12-31,10.0,1,10.0,tonnes,none,not_applicable,as_reported,,True,annual,mp-materials_10k_FY2024.pdf,51,47.0,10,en,low,
EX22,MP Materials,segment,Materials,NdPr,oxide,avg_selling_price,oxide_equivalent,FY2024,FY,2024-12-31,51.0,1,51.0,USD_per_kg,USD,single_material,as_reported,,False,annual,mp-materials_10k_FY2024.pdf,51,47.0,$ 51,en,low,
EX23,MP Materials,segment,Materials,NdPr,oxide,avg_selling_price,oxide_equivalent,FY2023,FY,2023-12-31,70.0,1,70.0,USD_per_kg,USD,single_material,as_reported,,True,annual,mp-materials_10k_FY2024.pdf,51,47.0,$ 70,en,low,
EX24,MP Materials,site,,Ce,concentrate,composition_pct,contained_REO,not_applicable,,,50.2,1,50.2,percent,none,not_applicable,as_reported,,False,annual,mp-materials_10k_FY2024.pdf,33,29.0,50.2 %,en,high,
EX25,MP Materials,site,,La,concentrate,composition_pct,contained_REO,not_applicable,,,32.3,1,32.3,percent,none,not_applicable,as_reported,,False,annual,mp-materials_10k_FY2024.pdf,33,29.0,32.3 %,en,high,
EX26,MP Materials,site,,NdPr,concentrate,composition_pct,contained_REO,not_applicable,,,15.7,1,15.7,percent,none,not_applicable,as_reported,,False,annual,mp-materials_10k_FY2024.pdf,33,29.0,15.7 %,en,high,
EX27,MP Materials,site,,SEG+,concentrate,composition_pct,contained_REO,not_applicable,,,1.8,1,1.8,percent,none,not_applicable,as_reported,,False,annual,mp-materials_10k_FY2024.pdf,33,29.0,1.8 %,en,high,
EX01,MP Materials,segment,Materials,total_REO,concentrate,revenue,contained_REO,FY2025,FY,2025-12-31,41992.0,1000,41992000.0,USD,USD,not_applicable,as_reported,,False,annual,mp-materials_10k_FY2025.pdf,48,44.0,"$ 41,992",en,high,
EX02,MP Materials,segment,Materials,total_REO,concentrate,revenue,contained_REO,FY2024,FY,2024-12-31,144363.0,1000,144363000.0,USD,USD,not_applicable,as_reported,,True,annual,mp-materials_10k_FY2025.pdf,48,44.0,"$ 144,363",en,high,
EX03,MP Materials,segment,Materials,total_REO,concentrate,revenue,contained_REO,FY2023,FY,2023-12-31,252468.0,1000,252468000.0,USD,USD,not_applicable,as_reported,,True,annual,mp-materials_10k_FY2025.pdf,48,44.0,"$ 252,468",en,high,
EX04,MP Materials,segment,Materials,NdPr,oxide,revenue,oxide_equivalent,FY2025,FY,2025-12-31,115131.0,1000,115131000.0,USD,USD,not_applicable,as_reported,,False,annual,mp-materials_10k_FY2025.pdf,48,44.0,"115,131",en,low,
EX05,MP Materials,segment,Materials,NdPr,oxide,revenue,oxide_equivalent,FY2024,FY,2024-12-31,57762.0,1000,57762000.0,USD,USD,not_applicable,as_reported,,True,annual,mp-materials_10k_FY2025.pdf,48,44.0,"57,762",en,low,
EX06,MP Materials,segment,Materials,NdPr,oxide,revenue,oxide_equivalent,FY2023,FY,2023-12-31,695.0,1000,695000.0,USD,USD,not_applicable,as_reported,,True,annual,mp-materials_10k_FY2025.pdf,48,44.0,695,en,low,
EX07,MP Materials,segment,Magnetics,NdPr,metal,revenue,not_applicable,FY2025,FY,2025-12-31,66861.0,1000,66861000.0,USD,USD,not_applicable,as_reported,,False,annual,mp-materials_10k_FY2025.pdf,48,44.0,"66,861",en,high,
EX08,MP Materials,consolidated,,NdPr,oxide,intersegment_elimination,not_applicable,FY2025,FY,2025-12-31,-2789.0,1000,-2789000.0,USD,USD,not_applicable,as_reported,,False,annual,mp-materials_10k_FY2025.pdf,48,44.0,"(2,789)",en,high,
EX09,MP Materials,consolidated,,not_applicable,not_applicable,revenue,not_applicable,FY2025,FY,2025-12-31,224441.0,1000,224441000.0,USD,USD,not_applicable,as_reported,,False,annual,mp-materials_10k_FY2025.pdf,48,44.0,"$ 224,441",en,high,
EX10,MP Materials,consolidated,,not_applicable,not_applicable,revenue,not_applicable,FY2024,FY,2024-12-31,203855.0,1000,203855000.0,USD,USD,not_applicable,as_reported,,True,annual,mp-materials_10k_FY2025.pdf,48,44.0,"$ 203,855",en,high,
EX11,MP Materials,consolidated,,not_applicable,not_applicable,revenue,not_applicable,FY2023,FY,2023-12-31,253445.0,1000,253445000.0,USD,USD,not_applicable,as_reported,,True,annual,mp-materials_10k_FY2025.pdf,48,44.0,"$ 253,445",en,high,
EX12,MP Materials,segment,Materials,total_REO,concentrate,production_volume,contained_REO,FY2025,FY,2025-12-31,50692.0,1,50692.0,tonnes,none,not_applicable,as_reported,,False,annual,mp-materials_10k_FY2025.pdf,53,49.0,"50,692",en,high,
EX13,MP Materials,segment,Materials,total_REO,concentrate,production_volume,contained_REO,FY2024,FY,2024-12-31,45455.0,1,45455.0,tonnes,none,not_applicable,as_reported,,True,annual,mp-materials_10k_FY2025.pdf,53,49.0,"45,455",en,high,
EX14,MP Materials,segment,Materials,total_REO,concentrate,production_volume,contained_REO,FY2023,FY,2023-12-31,41557.0,1,41557.0,tonnes,none,not_applicable,as_reported,,True,annual,mp-materials_10k_FY2025.pdf,53,49.0,"41,557",en,high,
EX15,MP Materials,segment,Materials,total_REO,concentrate,sales_volume,contained_REO,FY2025,FY,2025-12-31,8922.0,1,8922.0,tonnes,none,not_applicable,as_reported,,False,annual,mp-materials_10k_FY2025.pdf,53,49.0,"8,922",en,high,
EX16,MP Materials,segment,Materials,total_REO,concentrate,sales_volume,contained_REO,FY2024,FY,2024-12-31,32703.0,1,32703.0,tonnes,none,not_applicable,as_reported,,True,annual,mp-materials_10k_FY2025.pdf,53,49.0,"32,703",en,high,
EX17,MP Materials,segment,Materials,total_REO,concentrate,sales_volume,contained_REO,FY2023,FY,2023-12-31,36837.0,1,36837.0,tonnes,none,not_applicable,as_reported,,True,annual,mp-materials_10k_FY2025.pdf,53,49.0,"36,837",en,high,
EX18,MP Materials,segment,Materials,total_REO,concentrate,avg_selling_price,contained_REO,FY2025,FY,2025-12-31,4707.0,1,4707.0,USD_per_tonne,USD,basket,as_reported,,False,annual,mp-materials_10k_FY2025.pdf,53,49.0,"$ 4,707",en,high,
EX19,MP Materials,segment,Materials,total_REO,concentrate,avg_selling_price,contained_REO,FY2024,FY,2024-12-31,4414.0,1,4414.0,USD_per_tonne,USD,basket,as_reported,,True,annual,mp-materials_10k_FY2025.pdf,53,49.0,"$ 4,414",en,high,
EX20,MP Materials,segment,Materials,total_REO,concentrate,avg_selling_price,contained_REO,FY2023,FY,2023-12-31,6854.0,1,6854.0,USD_per_tonne,USD,basket,as_reported,,True,annual,mp-materials_10k_FY2025.pdf,53,49.0,"$ 6,854",en,high,
EX21,MP Materials,segment,Materials,NdPr,oxide,production_volume,gross_weight,FY2025,FY,2025-12-31,2599.0,1,2599.0,tonnes,none,not_applicable,as_reported,,False,annual,mp-materials_10k_FY2025.pdf,53,49.0,"2,599",en,high,
EX22,MP Materials,segment,Materials,NdPr,oxide,production_volume,gross_weight,FY2024,FY,2024-12-31,1294.0,1,1294.0,tonnes,none,not_applicable,as_reported,,True,annual,mp-materials_10k_FY2025.pdf,53,49.0,"1,294",en,high,
EX23,MP Materials,segment,Materials,NdPr,oxide,production_volume,gross_weight,FY2023,FY,2023-12-31,200.0,1,200.0,tonnes,none,not_applicable,as_reported,,True,annual,mp-materials_10k_FY2025.pdf,53,49.0,200,en,high,
EX24,MP Materials,segment,Materials,NdPr,oxide,sales_volume,oxide_equivalent,FY2025,FY,2025-12-31,1994.0,1,1994.0,tonnes,none,not_applicable,as_reported,,False,annual,mp-materials_10k_FY2025.pdf,53,49.0,"1,994",en,low,
EX25,MP Materials,segment,Materials,NdPr,oxide,sales_volume,oxide_equivalent,FY2024,FY,2024-12-31,1142.0,1,1142.0,tonnes,none,not_applicable,as_reported,,True,annual,mp-materials_10k_FY2025.pdf,53,49.0,"1,142",en,low,
EX26,MP Materials,segment,Materials,NdPr,oxide,sales_volume,oxide_equivalent,FY2023,FY,2023-12-31,10.0,1,10.0,tonnes,none,not_applicable,as_reported,,True,annual,mp-materials_10k_FY2025.pdf,53,49.0,10,en,low,
EX27,MP Materials,segment,Materials,NdPr,oxide,non_revenue_income,not_applicable,FY2025,FY,2025-12-31,51016.0,1000,51016000.0,USD,USD,not_applicable,as_reported,,False,annual,mp-materials_10k_FY2025.pdf,53,49.0,"$ 51,016",en,high,
EX28,MP Materials,segment,Materials,not_applicable,not_applicable,revenue,not_applicable,FY2025,FY,2025-12-31,160369.0,1000,160369000.0,USD,USD,not_applicable,as_reported,,False,annual,mp-materials_10k_FY2025.pdf,100,96.0,"160,369",en,high,
EX29,MP Materials,segment,Materials,not_applicable,not_applicable,revenue,not_applicable,FY2024,FY,2024-12-31,203855.0,1000,203855000.0,USD,USD,not_applicable,as_reported,,True,annual,mp-materials_10k_FY2025.pdf,100,96.0,"203,855",en,high,
EX30,MP Materials,segment,Materials,not_applicable,not_applicable,revenue,not_applicable,FY2023,FY,2023-12-31,253445.0,1000,253445000.0,USD,USD,not_applicable,as_reported,,True,annual,mp-materials_10k_FY2025.pdf,100,96.0,"253,445",en,high,
EX31,MP Materials,site,,Ce,concentrate,composition_pct,contained_REO,not_applicable,,,50.2,1,50.2,percent,none,not_applicable,as_reported,,False,annual,mp-materials_10k_FY2025.pdf,33,29.0,50.2 %,en,high,
EX32,MP Materials,site,,La,concentrate,composition_pct,contained_REO,not_applicable,,,32.3,1,32.3,percent,none,not_applicable,as_reported,,False,annual,mp-materials_10k_FY2025.pdf,33,29.0,32.3 %,en,high,
EX33,MP Materials,site,,NdPr,concentrate,composition_pct,contained_REO,not_applicable,,,15.7,1,15.7,percent,none,not_applicable,as_reported,,False,annual,mp-materials_10k_FY2025.pdf,33,29.0,15.7 %,en,high,
EX34,MP Materials,site,,SEG+,concentrate,composition_pct,contained_REO,not_applicable,,,1.8,1,1.8,percent,none,not_applicable,as_reported,,False,annual,mp-materials_10k_FY2025.pdf,33,29.0,1.8 %,en,high,
EX01,Neo Performance Materials,segment,Magnequench,not_applicable,not_applicable,revenue,not_applicable,FY2022,FY,2022-12-31,277412.0,1000,277412000.0,USD,USD,not_applicable,as_reported,,False,annual,neo_mda_FY2022.pdf,6,6.0,"$ 277,412",en,high,
EX02,Neo Performance Materials,segment,Magnequench,not_applicable,not_applicable,revenue,not_applicable,FY2021,FY,2021-12-31,263753.0,1000,263753000.0,USD,USD,not_applicable,as_reported,,True,annual,neo_mda_FY2022.pdf,6,6.0,"$ 263,753",en,high,
EX03,Neo Performance Materials,segment,Magnequench,not_applicable,not_applicable,revenue,not_applicable,FY2020,FY,2020-12-31,152966.0,1000,152966000.0,USD,USD,not_applicable,as_reported,,True,annual,neo_mda_FY2022.pdf,6,6.0,"$ 152,966",en,high,
EX04,Neo Performance Materials,segment,C&O,not_applicable,not_applicable,revenue,not_applicable,FY2022,FY,2022-12-31,248011.0,1000,248011000.0,USD,USD,not_applicable,as_reported,,False,annual,neo_mda_FY2022.pdf,6,6.0,"248,011",en,high,
EX05,Neo Performance Materials,segment,C&O,not_applicable,not_applicable,revenue,not_applicable,FY2021,FY,2021-12-31,212711.0,1000,212711000.0,USD,USD,not_applicable,as_reported,,True,annual,neo_mda_FY2022.pdf,6,6.0,"212,711",en,high,
EX06,Neo Performance Materials,segment,C&O,not_applicable,not_applicable,revenue,not_applicable,FY2020,FY,2020-12-31,143322.0,1000,143322000.0,USD,USD,not_applicable,as_reported,,True,annual,neo_mda_FY2022.pdf,6,6.0,"143,322",en,high,
EX07,Neo Performance Materials,segment,Rare Metals,not_applicable,not_applicable,revenue,not_applicable,FY2022,FY,2022-12-31,130386.0,1000,130386000.0,USD,USD,not_applicable,as_reported,,False,annual,neo_mda_FY2022.pdf,6,6.0,"130,386",en,high,
EX08,Neo Performance Materials,segment,Rare Metals,not_applicable,not_applicable,revenue,not_applicable,FY2021,FY,2021-12-31,83604.0,1000,83604000.0,USD,USD,not_applicable,as_reported,,True,annual,neo_mda_FY2022.pdf,6,6.0,"83,604",en,high,
EX09,Neo Performance Materials,segment,Rare Metals,not_applicable,not_applicable,revenue,not_applicable,FY2020,FY,2020-12-31,59688.0,1000,59688000.0,USD,USD,not_applicable,as_reported,,True,annual,neo_mda_FY2022.pdf,6,6.0,"59,688",en,high,
EX10,Neo Performance Materials,consolidated,,not_applicable,not_applicable,intersegment_elimination,not_applicable,FY2022,FY,2022-12-31,-15511.0,1000,-15511000.0,USD,USD,not_applicable,as_reported,,False,annual,neo_mda_FY2022.pdf,6,6.0,"(15,511)",en,high,Corporate items and intersegment eliminations in one line
EX11,Neo Performance Materials,consolidated,,not_applicable,not_applicable,intersegment_elimination,not_applicable,FY2021,FY,2021-12-31,-20817.0,1000,-20817000.0,USD,USD,not_applicable,as_reported,,True,annual,neo_mda_FY2022.pdf,6,6.0,"(20,817)",en,high,Corporate items and intersegment eliminations in one line
EX12,Neo Performance Materials,consolidated,,not_applicable,not_applicable,intersegment_elimination,not_applicable,FY2020,FY,2020-12-31,-9284.0,1000,-9284000.0,USD,USD,not_applicable,as_reported,,True,annual,neo_mda_FY2022.pdf,6,6.0,"(9,284)",en,high,Corporate items and intersegment eliminations in one line
EX13,Neo Performance Materials,consolidated,,not_applicable,not_applicable,revenue,not_applicable,FY2022,FY,2022-12-31,640298.0,1000,640298000.0,USD,USD,not_applicable,as_reported,,False,annual,neo_mda_FY2022.pdf,6,6.0,"$ 640,298",en,high,
EX14,Neo Performance Materials,consolidated,,not_applicable,not_applicable,revenue,not_applicable,FY2021,FY,2021-12-31,539251.0,1000,539251000.0,USD,USD,not_applicable,as_reported,,True,annual,neo_mda_FY2022.pdf,6,6.0,"$ 539,251",en,high,
EX15,Neo Performance Materials,consolidated,,not_applicable,not_applicable,revenue,not_applicable,FY2020,FY,2020-12-31,346692.0,1000,346692000.0,USD,USD,not_applicable,as_reported,,True,annual,neo_mda_FY2022.pdf,6,6.0,"$ 346,692",en,high,
EX16,Neo Performance Materials,consolidated,,not_applicable,not_applicable,sales_volume,gross_weight,FY2022,FY,2022-12-31,13118.0,1,13118.0,tonnes,none,not_applicable,as_reported,,False,annual,neo_mda_FY2022.pdf,26,26.0,"13,118",en,low,"Physical tonnes of every product sold, from cerium chemicals to hafnium: not a basis for a price"
EX17,Neo Performance Materials,consolidated,,not_applicable,not_applicable,sales_volume,gross_weight,FY2021,FY,2021-12-31,15103.0,1,15103.0,tonnes,none,not_applicable,as_reported,,True,annual,neo_mda_FY2022.pdf,26,26.0,"15,103",en,low,"Physical tonnes of every product sold, from cerium chemicals to hafnium: not a basis for a price"
EX18,Neo Performance Materials,segment,Magnequench,not_applicable,not_applicable,revenue,not_applicable,FY2022,FY,2022-12-31,277412.0,1000,277412000.0,USD,USD,not_applicable,as_reported,,False,annual,neo_mda_FY2022.pdf,28,28.0,"$ 277,412",en,high,
EX19,Neo Performance Materials,segment,Magnequench,not_applicable,not_applicable,revenue,not_applicable,FY2021,FY,2021-12-31,263753.0,1000,263753000.0,USD,USD,not_applicable,as_reported,,True,annual,neo_mda_FY2022.pdf,28,28.0,"$ 263,753",en,high,
EX20,Neo Performance Materials,segment,Magnequench,not_applicable,not_applicable,sales_volume,gross_weight,FY2022,FY,2022-12-31,4808.0,1,4808.0,tonnes,none,not_applicable,as_reported,,False,annual,neo_mda_FY2022.pdf,28,28.0,"4,808",en,low,Tonnes of magnetic powders and magnets: a product mix
EX21,Neo Performance Materials,segment,Magnequench,not_applicable,not_applicable,sales_volume,gross_weight,FY2021,FY,2021-12-31,6090.0,1,6090.0,tonnes,none,not_applicable,as_reported,,True,annual,neo_mda_FY2022.pdf,28,28.0,"6,090",en,low,Tonnes of magnetic powders and magnets: a product mix
EX22,Neo Performance Materials,segment,C&O,not_applicable,not_applicable,revenue,not_applicable,FY2022,FY,2022-12-31,248011.0,1000,248011000.0,USD,USD,not_applicable,as_reported,,False,annual,neo_mda_FY2022.pdf,30,30.0,"$ 248,011",en,high,
EX23,Neo Performance Materials,segment,C&O,not_applicable,not_applicable,revenue,not_applicable,FY2021,FY,2021-12-31,212711.0,1000,212711000.0,USD,USD,not_applicable,as_reported,,True,annual,neo_mda_FY2022.pdf,30,30.0,"$ 212,711",en,high,
EX24,Neo Performance Materials,segment,C&O,not_applicable,not_applicable,sales_volume,gross_weight,FY2022,FY,2022-12-31,7873.0,1,7873.0,tonnes,none,not_applicable,as_reported,,False,annual,neo_mda_FY2022.pdf,30,30.0,"7,873",en,low,"Tonnes of rare earth chemicals, oxides and catalysts: a product mix"
EX25,Neo Performance Materials,segment,C&O,not_applicable,not_applicable,sales_volume,gross_weight,FY2021,FY,2021-12-31,8690.0,1,8690.0,tonnes,none,not_applicable,as_reported,,True,annual,neo_mda_FY2022.pdf,30,30.0,"8,690",en,low,"Tonnes of rare earth chemicals, oxides and catalysts: a product mix"
EX26,Neo Performance Materials,segment,Rare Metals,not_applicable,not_applicable,revenue,not_applicable,FY2022,FY,2022-12-31,130386.0,1000,130386000.0,USD,USD,not_applicable,as_reported,,False,annual,neo_mda_FY2022.pdf,32,32.0,"$ 130,386",en,high,
EX27,Neo Performance Materials,segment,Rare Metals,not_applicable,not_applicable,revenue,not_applicable,FY2021,FY,2021-12-31,83604.0,1000,83604000.0,USD,USD,not_applicable,as_reported,,True,annual,neo_mda_FY2022.pdf,32,32.0,"$ 83,604",en,high,
EX28,Neo Performance Materials,segment,Rare Metals,not_applicable,not_applicable,sales_volume,gross_weight,FY2022,FY,2022-12-31,546.0,1,546.0,tonnes,none,not_applicable,as_reported,,False,annual,neo_mda_FY2022.pdf,32,32.0,546,en,low,"Tonnes of hafnium, tantalum, niobium, gallium and others: a product mix"
EX29,Neo Performance Materials,segment,Rare Metals,not_applicable,not_applicable,sales_volume,gross_weight,FY2021,FY,2021-12-31,549.0,1,549.0,tonnes,none,not_applicable,as_reported,,True,annual,neo_mda_FY2022.pdf,32,32.0,549,en,low,"Tonnes of hafnium, tantalum, niobium, gallium and others: a product mix"
EX01,Neo Performance Materials,segment,Magnequench,not_applicable,not_applicable,revenue,not_applicable,FY2023,FY,2023-12-31,213735.0,1000,213735000.0,USD,USD,not_applicable,as_reported,,False,annual,neo_mda_FY2023.pdf,6,6.0,"$ 213,735",en,high,
EX02,Neo Performance Materials,segment,Magnequench,not_applicable,not_applicable,revenue,not_applicable,FY2022,FY,2022-12-31,277412.0,1000,277412000.0,USD,USD,not_applicable,as_reported,,True,annual,neo_mda_FY2023.pdf,6,6.0,"$ 277,412",en,high,
EX03,Neo Performance Materials,segment,Magnequench,not_applicable,not_applicable,revenue,not_applicable,FY2021,FY,2021-12-31,263753.0,1000,263753000.0,USD,USD,not_applicable,as_reported,,True,annual,neo_mda_FY2023.pdf,6,6.0,"$ 263,753",en,high,
EX04,Neo Performance Materials,segment,C&O,not_applicable,not_applicable,revenue,not_applicable,FY2023,FY,2023-12-31,235929.0,1000,235929000.0,USD,USD,not_applicable,as_reported,,False,annual,neo_mda_FY2023.pdf,6,6.0,"235,929",en,high,
EX05,Neo Performance Materials,segment,C&O,not_applicable,not_applicable,revenue,not_applicable,FY2022,FY,2022-12-31,248011.0,1000,248011000.0,USD,USD,not_applicable,as_reported,,True,annual,neo_mda_FY2023.pdf,6,6.0,"248,011",en,high,
EX06,Neo Performance Materials,segment,C&O,not_applicable,not_applicable,revenue,not_applicable,FY2021,FY,2021-12-31,212711.0,1000,212711000.0,USD,USD,not_applicable,as_reported,,True,annual,neo_mda_FY2023.pdf,6,6.0,"212,711",en,high,
EX07,Neo Performance Materials,segment,Rare Metals,not_applicable,not_applicable,revenue,not_applicable,FY2023,FY,2023-12-31,124601.0,1000,124601000.0,USD,USD,not_applicable,as_reported,,False,annual,neo_mda_FY2023.pdf,6,6.0,"124,601",en,high,
EX08,Neo Performance Materials,segment,Rare Metals,not_applicable,not_applicable,revenue,not_applicable,FY2022,FY,2022-12-31,130386.0,1000,130386000.0,USD,USD,not_applicable,as_reported,,True,annual,neo_mda_FY2023.pdf,6,6.0,"130,386",en,high,
EX09,Neo Performance Materials,segment,Rare Metals,not_applicable,not_applicable,revenue,not_applicable,FY2021,FY,2021-12-31,83604.0,1000,83604000.0,USD,USD,not_applicable,as_reported,,True,annual,neo_mda_FY2023.pdf,6,6.0,"83,604",en,high,
EX10,Neo Performance Materials,consolidated,,not_applicable,not_applicable,intersegment_elimination,not_applicable,FY2023,FY,2023-12-31,-2720.0,1000,-2720000.0,USD,USD,not_applicable,as_reported,,False,annual,neo_mda_FY2023.pdf,6,6.0,"(2,720)",en,high,Corporate items and intersegment eliminations in one line
EX11,Neo Performance Materials,consolidated,,not_applicable,not_applicable,intersegment_elimination,not_applicable,FY2022,FY,2022-12-31,-15511.0,1000,-15511000.0,USD,USD,not_applicable,as_reported,,True,annual,neo_mda_FY2023.pdf,6,6.0,"(15,511)",en,high,Corporate items and intersegment eliminations in one line
EX12,Neo Performance Materials,consolidated,,not_applicable,not_applicable,intersegment_elimination,not_applicable,FY2021,FY,2021-12-31,-20817.0,1000,-20817000.0,USD,USD,not_applicable,as_reported,,True,annual,neo_mda_FY2023.pdf,6,6.0,"(20,817)",en,high,Corporate items and intersegment eliminations in one line
EX13,Neo Performance Materials,consolidated,,not_applicable,not_applicable,revenue,not_applicable,FY2023,FY,2023-12-31,571545.0,1000,571545000.0,USD,USD,not_applicable,as_reported,,False,annual,neo_mda_FY2023.pdf,6,6.0,"$ 571,545",en,high,
EX14,Neo Performance Materials,consolidated,,not_applicable,not_applicable,revenue,not_applicable,FY2022,FY,2022-12-31,640298.0,1000,640298000.0,USD,USD,not_applicable,as_reported,,True,annual,neo_mda_FY2023.pdf,6,6.0,"$ 640,298",en,high,
EX15,Neo Performance Materials,consolidated,,not_applicable,not_applicable,revenue,not_applicable,FY2021,FY,2021-12-31,539251.0,1000,539251000.0,USD,USD,not_applicable,as_reported,,True,annual,neo_mda_FY2023.pdf,6,6.0,"$ 539,251",en,high,
EX16,Neo Performance Materials,consolidated,,not_applicable,not_applicable,sales_volume,gross_weight,FY2023,FY,2023-12-31,12970.0,1,12970.0,tonnes,none,not_applicable,as_reported,,False,annual,neo_mda_FY2023.pdf,29,29.0,"12,970",en,low,Label split over two lines in the FY2023 MD&A ('Sales volume' / '(tonnes)'). Physical tonnes of every product sold: not a basis for a price
EX17,Neo Performance Materials,consolidated,,not_applicable,not_applicable,sales_volume,gross_weight,FY2022,FY,2022-12-31,13118.0,1,13118.0,tonnes,none,not_applicable,as_reported,,True,annual,neo_mda_FY2023.pdf,29,29.0,"13,118",en,low,Label split over two lines in the FY2023 MD&A ('Sales volume' / '(tonnes)'). Physical tonnes of every product sold: not a basis for a price
EX18,Neo Performance Materials,segment,Magnequench,not_applicable,not_applicable,revenue,not_applicable,FY2023,FY,2023-12-31,213735.0,1000,213735000.0,USD,USD,not_applicable,as_reported,,False,annual,neo_mda_FY2023.pdf,32,32.0,"$ 213,735",en,high,
EX19,Neo Performance Materials,segment,Magnequench,not_applicable,not_applicable,revenue,not_applicable,FY2022,FY,2022-12-31,277412.0,1000,277412000.0,USD,USD,not_applicable,as_reported,,True,annual,neo_mda_FY2023.pdf,32,32.0,"$ 277,412",en,high,
EX20,Neo Performance Materials,segment,Magnequench,not_applicable,not_applicable,sales_volume,gross_weight,FY2023,FY,2023-12-31,4694.0,1,4694.0,tonnes,none,not_applicable,as_reported,,False,annual,neo_mda_FY2023.pdf,32,32.0,"4,694",en,low,Tonnes of magnetic powders and magnets: a product mix
EX21,Neo Performance Materials,segment,Magnequench,not_applicable,not_applicable,sales_volume,gross_weight,FY2022,FY,2022-12-31,4808.0,1,4808.0,tonnes,none,not_applicable,as_reported,,True,annual,neo_mda_FY2023.pdf,32,32.0,"4,808",en,low,Tonnes of magnetic powders and magnets: a product mix
EX22,Neo Performance Materials,segment,C&O,not_applicable,not_applicable,revenue,not_applicable,FY2023,FY,2023-12-31,235929.0,1000,235929000.0,USD,USD,not_applicable,as_reported,,False,annual,neo_mda_FY2023.pdf,34,34.0,"$ 235,929",en,high,
EX23,Neo Performance Materials,segment,C&O,not_applicable,not_applicable,revenue,not_applicable,FY2022,FY,2022-12-31,248011.0,1000,248011000.0,USD,USD,not_applicable,as_reported,,True,annual,neo_mda_FY2023.pdf,34,34.0,"$ 248,011",en,high,
EX24,Neo Performance Materials,segment,C&O,not_applicable,not_applicable,sales_volume,gross_weight,FY2023,FY,2023-12-31,7990.0,1,7990.0,tonnes,none,not_applicable,as_reported,,False,annual,neo_mda_FY2023.pdf,34,34.0,"7,990",en,low,"Tonnes of rare earth chemicals, oxides and catalysts: a product mix"
EX25,Neo Performance Materials,segment,C&O,not_applicable,not_applicable,sales_volume,gross_weight,FY2022,FY,2022-12-31,7873.0,1,7873.0,tonnes,none,not_applicable,as_reported,,True,annual,neo_mda_FY2023.pdf,34,34.0,"7,873",en,low,"Tonnes of rare earth chemicals, oxides and catalysts: a product mix"
EX26,Neo Performance Materials,segment,Rare Metals,not_applicable,not_applicable,revenue,not_applicable,FY2023,FY,2023-12-31,124601.0,1000,124601000.0,USD,USD,not_applicable,as_reported,,False,annual,neo_mda_FY2023.pdf,35,35.0,"$ 124,601",en,high,
EX27,Neo Performance Materials,segment,Rare Metals,not_applicable,not_applicable,revenue,not_applicable,FY2022,FY,2022-12-31,130386.0,1000,130386000.0,USD,USD,not_applicable,as_reported,,True,annual,neo_mda_FY2023.pdf,35,35.0,"$ 130,386",en,high,
EX28,Neo Performance Materials,segment,Rare Metals,not_applicable,not_applicable,sales_volume,gross_weight,FY2023,FY,2023-12-31,326.0,1,326.0,tonnes,none,not_applicable,as_reported,,False,annual,neo_mda_FY2023.pdf,35,35.0,326,en,low,"Tonnes of hafnium, tantalum, niobium, gallium and others: a product mix"
EX29,Neo Performance Materials,segment,Rare Metals,not_applicable,not_applicable,sales_volume,gross_weight,FY2022,FY,2022-12-31,546.0,1,546.0,tonnes,none,not_applicable,as_reported,,True,annual,neo_mda_FY2023.pdf,35,35.0,546,en,low,"Tonnes of hafnium, tantalum, niobium, gallium and others: a product mix"
EX01,Neo Performance Materials,segment,Magnequench,not_applicable,not_applicable,revenue,not_applicable,FY2024,FY,2024-12-31,176649.0,1000,176649000.0,USD,USD,not_applicable,as_reported,,False,annual,neo_mda_FY2024.pdf,7,7.0,"$ 176,649",en,high,
EX02,Neo Performance Materials,segment,Magnequench,not_applicable,not_applicable,revenue,not_applicable,FY2023,FY,2023-12-31,213735.0,1000,213735000.0,USD,USD,not_applicable,as_reported,,True,annual,neo_mda_FY2024.pdf,7,7.0,"$ 213,735",en,high,
EX03,Neo Performance Materials,segment,Magnequench,not_applicable,not_applicable,revenue,not_applicable,FY2022,FY,2022-12-31,277412.0,1000,277412000.0,USD,USD,not_applicable,as_reported,,True,annual,neo_mda_FY2024.pdf,7,7.0,"$ 277,412",en,high,
EX04,Neo Performance Materials,segment,C&O,not_applicable,not_applicable,revenue,not_applicable,FY2024,FY,2024-12-31,146516.0,1000,146516000.0,USD,USD,not_applicable,as_reported,,False,annual,neo_mda_FY2024.pdf,7,7.0,"146,516",en,high,ZAMR separation facility in China closed in Q2 2024 (FY2024 MD&A printed p.8)
EX05,Neo Performance Materials,segment,C&O,not_applicable,not_applicable,revenue,not_applicable,FY2023,FY,2023-12-31,235929.0,1000,235929000.0,USD,USD,not_applicable,as_reported,,True,annual,neo_mda_FY2024.pdf,7,7.0,"235,929",en,high,
EX06,Neo Performance Materials,segment,C&O,not_applicable,not_applicable,revenue,not_applicable,FY2022,FY,2022-12-31,248011.0,1000,248011000.0,USD,USD,not_applicable,as_reported,,True,annual,neo_mda_FY2024.pdf,7,7.0,"248,011",en,high,
EX07,Neo Performance Materials,segment,Rare Metals,not_applicable,not_applicable,revenue,not_applicable,FY2024,FY,2024-12-31,156206.0,1000,156206000.0,USD,USD,not_applicable,as_reported,,False,annual,neo_mda_FY2024.pdf,7,7.0,"156,206",en,high,
EX08,Neo Performance Materials,segment,Rare Metals,not_applicable,not_applicable,revenue,not_applicable,FY2023,FY,2023-12-31,124601.0,1000,124601000.0,USD,USD,not_applicable,as_reported,,True,annual,neo_mda_FY2024.pdf,7,7.0,"124,601",en,high,
EX09,Neo Performance Materials,segment,Rare Metals,not_applicable,not_applicable,revenue,not_applicable,FY2022,FY,2022-12-31,130386.0,1000,130386000.0,USD,USD,not_applicable,as_reported,,True,annual,neo_mda_FY2024.pdf,7,7.0,"130,386",en,high,
EX10,Neo Performance Materials,consolidated,,not_applicable,not_applicable,intersegment_elimination,not_applicable,FY2024,FY,2024-12-31,-3543.0,1000,-3543000.0,USD,USD,not_applicable,as_reported,,False,annual,neo_mda_FY2024.pdf,7,7.0,"(3,543)",en,high,Corporate items and intersegment eliminations in one line
EX11,Neo Performance Materials,consolidated,,not_applicable,not_applicable,intersegment_elimination,not_applicable,FY2023,FY,2023-12-31,-2720.0,1000,-2720000.0,USD,USD,not_applicable,as_reported,,True,annual,neo_mda_FY2024.pdf,7,7.0,"(2,720)",en,high,Corporate items and intersegment eliminations in one line
EX12,Neo Performance Materials,consolidated,,not_applicable,not_applicable,intersegment_elimination,not_applicable,FY2022,FY,2022-12-31,-15511.0,1000,-15511000.0,USD,USD,not_applicable,as_reported,,True,annual,neo_mda_FY2024.pdf,7,7.0,"(15,511)",en,high,Corporate items and intersegment eliminations in one line
EX13,Neo Performance Materials,consolidated,,not_applicable,not_applicable,revenue,not_applicable,FY2024,FY,2024-12-31,475828.0,1000,475828000.0,USD,USD,not_applicable,as_reported,,False,annual,neo_mda_FY2024.pdf,7,7.0,"$ 475,828",en,high,
EX14,Neo Performance Materials,consolidated,,not_applicable,not_applicable,revenue,not_applicable,FY2023,FY,2023-12-31,571545.0,1000,571545000.0,USD,USD,not_applicable,as_reported,,True,annual,neo_mda_FY2024.pdf,7,7.0,"$ 571,545",en,high,
EX15,Neo Performance Materials,consolidated,,not_applicable,not_applicable,revenue,not_applicable,FY2022,FY,2022-12-31,640298.0,1000,640298000.0,USD,USD,not_applicable,as_reported,,True,annual,neo_mda_FY2024.pdf,7,7.0,"$ 640,298",en,high,
EX16,Neo Performance Materials,consolidated,,not_applicable,not_applicable,sales_volume,gross_weight,FY2024,FY,2024-12-31,12413.0,1,12413.0,tonnes,none,not_applicable,as_reported,,False,annual,neo_mda_FY2024.pdf,18,18.0,"12,413",en,low,"Physical tonnes of every product sold, from cerium chemicals to hafnium: not a basis for a price"
EX17,Neo Performance Materials,consolidated,,not_applicable,not_applicable,sales_volume,gross_weight,FY2023,FY,2023-12-31,12970.0,1,12970.0,tonnes,none,not_applicable,as_reported,,True,annual,neo_mda_FY2024.pdf,18,18.0,"12,970",en,low,"Physical tonnes of every product sold, from cerium chemicals to hafnium: not a basis for a price"
EX18,Neo Performance Materials,segment,Magnequench,not_applicable,not_applicable,sales_volume,gross_weight,FY2024,FY,2024-12-31,5064.0,1,5064.0,tonnes,none,not_applicable,as_reported,,False,annual,neo_mda_FY2024.pdf,20,20.0,"5,064",en,low,Tonnes of magnetic powders and magnets: a product mix
EX19,Neo Performance Materials,segment,Magnequench,not_applicable,not_applicable,sales_volume,gross_weight,FY2023,FY,2023-12-31,4694.0,1,4694.0,tonnes,none,not_applicable,as_reported,,True,annual,neo_mda_FY2024.pdf,20,20.0,"4,694",en,low,Tonnes of magnetic powders and magnets: a product mix
EX20,Neo Performance Materials,segment,Magnequench,not_applicable,not_applicable,revenue,not_applicable,FY2024,FY,2024-12-31,176649.0,1000,176649000.0,USD,USD,not_applicable,as_reported,,False,annual,neo_mda_FY2024.pdf,20,20.0,"$ 176,649",en,high,
EX21,Neo Performance Materials,segment,Magnequench,not_applicable,not_applicable,revenue,not_applicable,FY2023,FY,2023-12-31,213735.0,1000,213735000.0,USD,USD,not_applicable,as_reported,,True,annual,neo_mda_FY2024.pdf,20,20.0,"$ 213,735",en,high,
EX22,Neo Performance Materials,segment,C&O,not_applicable,not_applicable,sales_volume,gross_weight,FY2024,FY,2024-12-31,7067.0,1,7067.0,tonnes,none,not_applicable,as_reported,,False,annual,neo_mda_FY2024.pdf,21,21.0,"7,067",en,low,"Tonnes of rare earth chemicals, oxides and catalysts: a product mix; ZAMR separation facility in China closed in Q2 2024 (FY2024 MD&A printed p.8)"
EX23,Neo Performance Materials,segment,C&O,not_applicable,not_applicable,sales_volume,gross_weight,FY2023,FY,2023-12-31,7990.0,1,7990.0,tonnes,none,not_applicable,as_reported,,True,annual,neo_mda_FY2024.pdf,21,21.0,"7,990",en,low,"Tonnes of rare earth chemicals, oxides and catalysts: a product mix"
EX24,Neo Performance Materials,segment,C&O,not_applicable,not_applicable,revenue,not_applicable,FY2024,FY,2024-12-31,146516.0,1000,146516000.0,USD,USD,not_applicable,as_reported,,False,annual,neo_mda_FY2024.pdf,21,21.0,"$ 146,516",en,high,ZAMR separation facility in China closed in Q2 2024 (FY2024 MD&A printed p.8)
EX25,Neo Performance Materials,segment,C&O,not_applicable,not_applicable,revenue,not_applicable,FY2023,FY,2023-12-31,235929.0,1000,235929000.0,USD,USD,not_applicable,as_reported,,True,annual,neo_mda_FY2024.pdf,21,21.0,"$ 235,929",en,high,
EX26,Neo Performance Materials,segment,Rare Metals,not_applicable,not_applicable,sales_volume,gross_weight,FY2024,FY,2024-12-31,348.0,1,348.0,tonnes,none,not_applicable,as_reported,,False,annual,neo_mda_FY2024.pdf,22,22.0,348,en,low,"Tonnes of hafnium, tantalum, niobium, gallium and others: a product mix"
EX27,Neo Performance Materials,segment,Rare Metals,not_applicable,not_applicable,sales_volume,gross_weight,FY2023,FY,2023-12-31,326.0,1,326.0,tonnes,none,not_applicable,as_reported,,True,annual,neo_mda_FY2024.pdf,22,22.0,326,en,low,"Tonnes of hafnium, tantalum, niobium, gallium and others: a product mix"
EX28,Neo Performance Materials,segment,Rare Metals,not_applicable,not_applicable,revenue,not_applicable,FY2024,FY,2024-12-31,156206.0,1000,156206000.0,USD,USD,not_applicable,as_reported,,False,annual,neo_mda_FY2024.pdf,22,22.0,"$ 156,206",en,high,
EX29,Neo Performance Materials,segment,Rare Metals,not_applicable,not_applicable,revenue,not_applicable,FY2023,FY,2023-12-31,124601.0,1000,124601000.0,USD,USD,not_applicable,as_reported,,True,annual,neo_mda_FY2024.pdf,22,22.0,"$ 124,601",en,high,
EX01,Neo Performance Materials,segment,Magnequench,not_applicable,not_applicable,revenue,not_applicable,FY2025,FY,2025-12-31,204555.0,1000,204555000.0,USD,USD,not_applicable,as_reported,,False,annual,neo_mda_FY2025.pdf,7,5.0,"$ 204,555",en,high,
EX02,Neo Performance Materials,segment,Magnequench,not_applicable,not_applicable,revenue,not_applicable,FY2024,FY,2024-12-31,176649.0,1000,176649000.0,USD,USD,not_applicable,as_reported,,True,annual,neo_mda_FY2025.pdf,7,5.0,"$ 176,649",en,high,
EX03,Neo Performance Materials,segment,Magnequench,not_applicable,not_applicable,revenue,not_applicable,FY2023,FY,2023-12-31,213735.0,1000,213735000.0,USD,USD,not_applicable,as_reported,,True,annual,neo_mda_FY2025.pdf,7,5.0,"$ 213,735",en,high,
EX04,Neo Performance Materials,segment,C&O,not_applicable,not_applicable,revenue,not_applicable,FY2025,FY,2025-12-31,135030.0,1000,135030000.0,USD,USD,not_applicable,as_reported,,False,annual,neo_mda_FY2025.pdf,7,5.0,"135,030",en,high,"ZAMR separation facility in China closed in Q2 2024 (FY2024 MD&A printed p.8); JAMR and ZAMR, two Chinese separation facilities, sold in March 2025 (FY2025 MD&A printed p.4): a smaller business than in FY2024"
EX05,Neo Performance Materials,segment,C&O,not_applicable,not_applicable,revenue,not_applicable,FY2024,FY,2024-12-31,146516.0,1000,146516000.0,USD,USD,not_applicable,as_reported,,True,annual,neo_mda_FY2025.pdf,7,5.0,"146,516",en,high,ZAMR separation facility in China closed in Q2 2024 (FY2024 MD&A printed p.8)
EX06,Neo Performance Materials,segment,C&O,not_applicable,not_applicable,revenue,not_applicable,FY2023,FY,2023-12-31,235929.0,1000,235929000.0,USD,USD,not_applicable,as_reported,,True,annual,neo_mda_FY2025.pdf,7,5.0,"235,929",en,high,
EX07,Neo Performance Materials,segment,Rare Metals,not_applicable,not_applicable,revenue,not_applicable,FY2025,FY,2025-12-31,147665.0,1000,147665000.0,USD,USD,not_applicable,as_reported,,False,annual,neo_mda_FY2025.pdf,7,5.0,"147,665",en,high,"Quapaw, Oklahoma facility sold on 31 December 2024 (FY2024 MD&A printed p.8)"
EX08,Neo Performance Materials,segment,Rare Metals,not_applicable,not_applicable,revenue,not_applicable,FY2024,FY,2024-12-31,156206.0,1000,156206000.0,USD,USD,not_applicable,as_reported,,True,annual,neo_mda_FY2025.pdf,7,5.0,"156,206",en,high,
EX09,Neo Performance Materials,segment,Rare Metals,not_applicable,not_applicable,revenue,not_applicable,FY2023,FY,2023-12-31,124601.0,1000,124601000.0,USD,USD,not_applicable,as_reported,,True,annual,neo_mda_FY2025.pdf,7,5.0,"124,601",en,high,
EX10,Neo Performance Materials,consolidated,,not_applicable,not_applicable,intersegment_elimination,not_applicable,FY2025,FY,2025-12-31,-8457.0,1000,-8457000.0,USD,USD,not_applicable,as_reported,,False,annual,neo_mda_FY2025.pdf,7,5.0,"(8,457)",en,high,Corporate items and intersegment eliminations in one line
EX11,Neo Performance Materials,consolidated,,not_applicable,not_applicable,intersegment_elimination,not_applicable,FY2024,FY,2024-12-31,-3543.0,1000,-3543000.0,USD,USD,not_applicable,as_reported,,True,annual,neo_mda_FY2025.pdf,7,5.0,"(3,543)",en,high,Corporate items and intersegment eliminations in one line
EX12,Neo Performance Materials,consolidated,,not_applicable,not_applicable,intersegment_elimination,not_applicable,FY2023,FY,2023-12-31,-2720.0,1000,-2720000.0,USD,USD,not_applicable,as_reported,,True,annual,neo_mda_FY2025.pdf,7,5.0,"(2,720)",en,high,Corporate items and intersegment eliminations in one line
EX13,Neo Performance Materials,consolidated,,not_applicable,not_applicable,revenue,not_applicable,FY2025,FY,2025-12-31,478793.0,1000,478793000.0,USD,USD,not_applicable,as_reported,,False,annual,neo_mda_FY2025.pdf,7,5.0,"$ 478,793",en,high,
EX14,Neo Performance Materials,consolidated,,not_applicable,not_applicable,revenue,not_applicable,FY2024,FY,2024-12-31,475828.0,1000,475828000.0,USD,USD,not_applicable,as_reported,,True,annual,neo_mda_FY2025.pdf,7,5.0,"$ 475,828",en,high,
EX15,Neo Performance Materials,consolidated,,not_applicable,not_applicable,revenue,not_applicable,FY2023,FY,2023-12-31,571545.0,1000,571545000.0,USD,USD,not_applicable,as_reported,,True,annual,neo_mda_FY2025.pdf,7,5.0,"$ 571,545",en,high,
EX16,Neo Performance Materials,consolidated,,not_applicable,not_applicable,sales_volume,gross_weight,FY2025,FY,2025-12-31,13216.0,1,13216.0,tonnes,none,not_applicable,as_reported,,False,annual,neo_mda_FY2025.pdf,20,18.0,"13,216",en,low,"Physical tonnes of every product sold, from cerium chemicals to hafnium: not a basis for a price"
EX17,Neo Performance Materials,consolidated,,not_applicable,not_applicable,sales_volume,gross_weight,FY2024,FY,2024-12-31,12413.0,1,12413.0,tonnes,none,not_applicable,as_reported,,True,annual,neo_mda_FY2025.pdf,20,18.0,"12,413",en,low,"Physical tonnes of every product sold, from cerium chemicals to hafnium: not a basis for a price"
EX18,Neo Performance Materials,segment,Magnequench,not_applicable,not_applicable,sales_volume,gross_weight,FY2025,FY,2025-12-31,6063.0,1,6063.0,tonnes,none,not_applicable,as_reported,,False,annual,neo_mda_FY2025.pdf,22,20.0,"6,063",en,low,Tonnes of magnetic powders and magnets: a product mix
EX19,Neo Performance Materials,segment,Magnequench,not_applicable,not_applicable,sales_volume,gross_weight,FY2024,FY,2024-12-31,5064.0,1,5064.0,tonnes,none,not_applicable,as_reported,,True,annual,neo_mda_FY2025.pdf,22,20.0,"5,064",en,low,Tonnes of magnetic powders and magnets: a product mix
EX20,Neo Performance Materials,segment,Magnequench,not_applicable,not_applicable,revenue,not_applicable,FY2025,FY,2025-12-31,204555.0,1000,204555000.0,USD,USD,not_applicable,as_reported,,False,annual,neo_mda_FY2025.pdf,22,20.0,"$ 204,555",en,high,
EX21,Neo Performance Materials,segment,Magnequench,not_applicable,not_applicable,revenue,not_applicable,FY2024,FY,2024-12-31,176649.0,1000,176649000.0,USD,USD,not_applicable,as_reported,,True,annual,neo_mda_FY2025.pdf,22,20.0,"$ 176,649",en,high,
EX22,Neo Performance Materials,segment,C&O,not_applicable,not_applicable,sales_volume,gross_weight,FY2025,FY,2025-12-31,6953.0,1,6953.0,tonnes,none,not_applicable,as_reported,,False,annual,neo_mda_FY2025.pdf,23,21.0,"6,953",en,low,"Tonnes of rare earth chemicals, oxides and catalysts: a product mix; ZAMR separation facility in China closed in Q2 2024 (FY2024 MD&A printed p.8); JAMR and ZAMR, two Chinese separation facilities, sold in March 2025 (FY2025 MD&A printed p.4): a smaller business than in FY2024"
EX23,Neo Performance Materials,segment,C&O,not_applicable,not_applicable,sales_volume,gross_weight,FY2024,FY,2024-12-31,7067.0,1,7067.0,tonnes,none,not_applicable,as_reported,,True,annual,neo_mda_FY2025.pdf,23,21.0,"7,067",en,low,"Tonnes of rare earth chemicals, oxides and catalysts: a product mix; ZAMR separation facility in China closed in Q2 2024 (FY2024 MD&A printed p.8)"
EX24,Neo Performance Materials,segment,C&O,not_applicable,not_applicable,revenue,not_applicable,FY2025,FY,2025-12-31,135030.0,1000,135030000.0,USD,USD,not_applicable,as_reported,,False,annual,neo_mda_FY2025.pdf,23,21.0,"$ 135,030",en,high,"ZAMR separation facility in China closed in Q2 2024 (FY2024 MD&A printed p.8); JAMR and ZAMR, two Chinese separation facilities, sold in March 2025 (FY2025 MD&A printed p.4): a smaller business than in FY2024"
EX25,Neo Performance Materials,segment,C&O,not_applicable,not_applicable,revenue,not_applicable,FY2024,FY,2024-12-31,146516.0,1000,146516000.0,USD,USD,not_applicable,as_reported,,True,annual,neo_mda_FY2025.pdf,23,21.0,"$ 146,516",en,high,ZAMR separation facility in China closed in Q2 2024 (FY2024 MD&A printed p.8)
EX26,Neo Performance Materials,segment,Rare Metals,not_applicable,not_applicable,sales_volume,gross_weight,FY2025,FY,2025-12-31,320.0,1,320.0,tonnes,none,not_applicable,as_reported,,False,annual,neo_mda_FY2025.pdf,24,22.0,320,en,low,"Tonnes of hafnium, tantalum, niobium, gallium and others: a product mix; Quapaw, Oklahoma facility sold on 31 December 2024 (FY2024 MD&A printed p.8)"
EX27,Neo Performance Materials,segment,Rare Metals,not_applicable,not_applicable,sales_volume,gross_weight,FY2024,FY,2024-12-31,348.0,1,348.0,tonnes,none,not_applicable,as_reported,,True,annual,neo_mda_FY2025.pdf,24,22.0,348,en,low,"Tonnes of hafnium, tantalum, niobium, gallium and others: a product mix"
EX28,Neo Performance Materials,segment,Rare Metals,not_applicable,not_applicable,revenue,not_applicable,FY2025,FY,2025-12-31,147665.0,1000,147665000.0,USD,USD,not_applicable,as_reported,,False,annual,neo_mda_FY2025.pdf,24,22.0,"$ 147,665",en,high,"Quapaw, Oklahoma facility sold on 31 December 2024 (FY2024 MD&A printed p.8)"
EX29,Neo Performance Materials,segment,Rare Metals,not_applicable,not_applicable,revenue,not_applicable,FY2024,FY,2024-12-31,156206.0,1000,156206000.0,USD,USD,not_applicable,as_reported,,True,annual,neo_mda_FY2025.pdf,24,22.0,"$ 156,206",en,high,
EX01,United States,country,,total_REO,concentrate,production_volume,contained_REO,FY2014,FY,2014-12-31,5400.0,1,5400.0,tonnes,none,not_applicable,as_reported,,True,statistics,usgs_mcs_ED2019.pdf,1,132.0,"5,400",en,high,"USGS: US mine production, REO equivalent. Includes producers other than Mountain Pass (monazite in the southeastern US; Utah compounds per the 2026 edition)"
EX02,United States,country,,total_REO,concentrate,production_volume,contained_REO,FY2015,FY,2015-12-31,5900.0,1,5900.0,tonnes,none,not_applicable,as_reported,,True,statistics,usgs_mcs_ED2019.pdf,1,132.0,"5,900",en,high,"USGS: US mine production, REO equivalent. Includes producers other than Mountain Pass (monazite in the southeastern US; Utah compounds per the 2026 edition)"
EX03,United States,country,,total_REO,concentrate,production_volume,contained_REO,FY2016,FY,2016-12-31,0.0,1,0.0,tonnes,none,not_applicable,as_reported,,True,statistics,usgs_mcs_ED2019.pdf,1,132.0,—,en,high,"USGS: US mine production, REO equivalent. Includes producers other than Mountain Pass (monazite in the southeastern US; Utah compounds per the 2026 edition)"
EX04,United States,country,,total_REO,concentrate,production_volume,contained_REO,FY2017,FY,2017-12-31,0.0,1,0.0,tonnes,none,not_applicable,as_reported,,True,statistics,usgs_mcs_ED2019.pdf,1,132.0,—,en,high,"USGS: US mine production, REO equivalent. Includes producers other than Mountain Pass (monazite in the southeastern US; Utah compounds per the 2026 edition)"
EX05,United States,country,,total_REO,concentrate,production_volume,contained_REO,FY2018,FY,2018-12-31,15000.0,1,15000.0,tonnes,none,not_applicable,as_reported,,False,statistics,usgs_mcs_ED2019.pdf,1,132.0,"15,000",en,low,"USGS: US mine production, REO equivalent. Includes producers other than Mountain Pass (monazite in the southeastern US; Utah compounds per the 2026 edition); Estimate (marked e by the publisher)"
EX06,Rare earth market (USGS),market,,Dy,oxide,market_price,gross_weight,FY2014,FY,2014-12-31,395.0,1,395.0,USD_per_kg,USD,market,as_reported,,True,statistics,usgs_mcs_ED2019.pdf,1,132.0,395,en,high,"USGS average price, dollars per kilogram of oxide; price source named in each edition's footnote"
EX07,Rare earth market (USGS),market,,Dy,oxide,market_price,gross_weight,FY2015,FY,2015-12-31,279.0,1,279.0,USD_per_kg,USD,market,as_reported,,True,statistics,usgs_mcs_ED2019.pdf,1,132.0,279,en,high,"USGS average price, dollars per kilogram of oxide; price source named in each edition's footnote"
EX08,Rare earth market (USGS),market,,Dy,oxide,market_price,gross_weight,FY2016,FY,2016-12-31,198.0,1,198.0,USD_per_kg,USD,market,as_reported,,True,statistics,usgs_mcs_ED2019.pdf,1,132.0,198,en,high,"USGS average price, dollars per kilogram of oxide; price source named in each edition's footnote"
EX09,Rare earth market (USGS),market,,Dy,oxide,market_price,gross_weight,FY2017,FY,2017-12-31,187.0,1,187.0,USD_per_kg,USD,market,as_reported,,True,statistics,usgs_mcs_ED2019.pdf,1,132.0,187,en,high,"USGS average price, dollars per kilogram of oxide; price source named in each edition's footnote"
EX10,Rare earth market (USGS),market,,Dy,oxide,market_price,gross_weight,FY2018,FY,2018-12-31,180.0,1,180.0,USD_per_kg,USD,market,as_reported,,False,statistics,usgs_mcs_ED2019.pdf,1,132.0,180,en,low,"USGS average price, dollars per kilogram of oxide; price source named in each edition's footnote; Estimate (marked e by the publisher)"
EX11,Rare earth market (USGS),market,,Nd,oxide,market_price,gross_weight,FY2014,FY,2014-12-31,63.0,1,63.0,USD_per_kg,USD,market,as_reported,,True,statistics,usgs_mcs_ED2019.pdf,1,132.0,63,en,high,"USGS average price, dollars per kilogram of oxide; price source named in each edition's footnote"
EX12,Rare earth market (USGS),market,,Nd,oxide,market_price,gross_weight,FY2015,FY,2015-12-31,48.0,1,48.0,USD_per_kg,USD,market,as_reported,,True,statistics,usgs_mcs_ED2019.pdf,1,132.0,48,en,high,"USGS average price, dollars per kilogram of oxide; price source named in each edition's footnote"
EX13,Rare earth market (USGS),market,,Nd,oxide,market_price,gross_weight,FY2016,FY,2016-12-31,40.0,1,40.0,USD_per_kg,USD,market,as_reported,,True,statistics,usgs_mcs_ED2019.pdf,1,132.0,40,en,high,"USGS average price, dollars per kilogram of oxide; price source named in each edition's footnote"
EX14,Rare earth market (USGS),market,,Nd,oxide,market_price,gross_weight,FY2017,FY,2017-12-31,50.0,1,50.0,USD_per_kg,USD,market,as_reported,,True,statistics,usgs_mcs_ED2019.pdf,1,132.0,50,en,high,"USGS average price, dollars per kilogram of oxide; price source named in each edition's footnote"
EX15,Rare earth market (USGS),market,,Nd,oxide,market_price,gross_weight,FY2018,FY,2018-12-31,51.0,1,51.0,USD_per_kg,USD,market,as_reported,,False,statistics,usgs_mcs_ED2019.pdf,1,132.0,51,en,low,"USGS average price, dollars per kilogram of oxide; price source named in each edition's footnote; Estimate (marked e by the publisher)"
EX16,Rare earth market (USGS),market,,Tb,oxide,market_price,gross_weight,FY2014,FY,2014-12-31,713.0,1,713.0,USD_per_kg,USD,market,as_reported,,True,statistics,usgs_mcs_ED2019.pdf,1,132.0,713,en,high,"USGS average price, dollars per kilogram of oxide; price source named in each edition's footnote"
EX17,Rare earth market (USGS),market,,Tb,oxide,market_price,gross_weight,FY2015,FY,2015-12-31,564.0,1,564.0,USD_per_kg,USD,market,as_reported,,True,statistics,usgs_mcs_ED2019.pdf,1,132.0,564,en,high,"USGS average price, dollars per kilogram of oxide; price source named in each edition's footnote"
EX18,Rare earth market (USGS),market,,Tb,oxide,market_price,gross_weight,FY2016,FY,2016-12-31,415.0,1,415.0,USD_per_kg,USD,market,as_reported,,True,statistics,usgs_mcs_ED2019.pdf,1,132.0,415,en,high,"USGS average price, dollars per kilogram of oxide; price source named in each edition's footnote"
EX19,Rare earth market (USGS),market,,Tb,oxide,market_price,gross_weight,FY2017,FY,2017-12-31,501.0,1,501.0,USD_per_kg,USD,market,as_reported,,True,statistics,usgs_mcs_ED2019.pdf,1,132.0,501,en,high,"USGS average price, dollars per kilogram of oxide; price source named in each edition's footnote"
EX20,Rare earth market (USGS),market,,Tb,oxide,market_price,gross_weight,FY2018,FY,2018-12-31,461.0,1,461.0,USD_per_kg,USD,market,as_reported,,False,statistics,usgs_mcs_ED2019.pdf,1,132.0,461,en,low,"USGS average price, dollars per kilogram of oxide; price source named in each edition's footnote; Estimate (marked e by the publisher)"
EX21,United States,country,,total_REO,concentrate,production_volume,contained_REO,FY2017,FY,2017-12-31,0.0,1,0.0,tonnes,none,not_applicable,as_reported,,True,statistics,usgs_mcs_ED2019.pdf,2,133.0,—,en,low,"USGS: US mine production, REO equivalent. Includes producers other than Mountain Pass (monazite in the southeastern US; Utah compounds per the 2026 edition); Estimate (marked e by the publisher)"
EX22,United States,country,,total_REO,concentrate,production_volume,contained_REO,FY2018,FY,2018-12-31,15000.0,1,15000.0,tonnes,none,not_applicable,as_reported,,False,statistics,usgs_mcs_ED2019.pdf,2,133.0,"15,000",en,low,"USGS: US mine production, REO equivalent. Includes producers other than Mountain Pass (monazite in the southeastern US; Utah compounds per the 2026 edition); Estimate (marked e by the publisher)"
EX23,Australia,country,,total_REO,concentrate,production_volume,contained_REO,FY2017,FY,2017-12-31,19000.0,1,19000.0,tonnes,none,not_applicable,as_reported,,True,statistics,usgs_mcs_ED2019.pdf,2,133.0,"19,000",en,low,Estimate (marked e by the publisher)
EX24,Australia,country,,total_REO,concentrate,production_volume,contained_REO,FY2018,FY,2018-12-31,20000.0,1,20000.0,tonnes,none,not_applicable,as_reported,,False,statistics,usgs_mcs_ED2019.pdf,2,133.0,"20,000",en,low,Estimate (marked e by the publisher)
EX25,Brazil,country,,total_REO,concentrate,production_volume,contained_REO,FY2017,FY,2017-12-31,1700.0,1,1700.0,tonnes,none,not_applicable,as_reported,,True,statistics,usgs_mcs_ED2019.pdf,2,133.0,"1,700",en,low,Estimate (marked e by the publisher)
EX26,Brazil,country,,total_REO,concentrate,production_volume,contained_REO,FY2018,FY,2018-12-31,1000.0,1,1000.0,tonnes,none,not_applicable,as_reported,,False,statistics,usgs_mcs_ED2019.pdf,2,133.0,"1,000",en,low,Estimate (marked e by the publisher)
EX27,Burma,country,,total_REO,concentrate,production_volume,contained_REO,FY2018,FY,2018-12-31,5000.0,1,5000.0,tonnes,none,not_applicable,as_reported,,False,statistics,usgs_mcs_ED2019.pdf,2,133.0,"5,000",en,low,Named 'Burma (Myanmar)' in the 2019-2021 editions; Estimate (marked e by the publisher)
EX28,China,country,,total_REO,concentrate,production_volume,contained_REO,FY2017,FY,2017-12-31,105000.0,1,105000.0,tonnes,none,not_applicable,as_reported,,True,statistics,usgs_mcs_ED2019.pdf,2,133.0,"105,000",en,low,Production quota; does not include undocumented production (USGS footnote); Estimate (marked e by the publisher)
EX29,China,country,,total_REO,concentrate,production_volume,contained_REO,FY2018,FY,2018-12-31,120000.0,1,120000.0,tonnes,none,not_applicable,as_reported,,False,statistics,usgs_mcs_ED2019.pdf,2,133.0,"120,000",en,low,Production quota; does not include undocumented production (USGS footnote); Estimate (marked e by the publisher)
EX30,India,country,,total_REO,concentrate,production_volume,contained_REO,FY2017,FY,2017-12-31,1800.0,1,1800.0,tonnes,none,not_applicable,as_reported,,True,statistics,usgs_mcs_ED2019.pdf,2,133.0,"1,800",en,low,Estimate (marked e by the publisher)
EX31,India,country,,total_REO,concentrate,production_volume,contained_REO,FY2018,FY,2018-12-31,1800.0,1,1800.0,tonnes,none,not_applicable,as_reported,,False,statistics,usgs_mcs_ED2019.pdf,2,133.0,"1,800",en,low,Estimate (marked e by the publisher)
EX32,Malaysia,country,,total_REO,concentrate,production_volume,contained_REO,FY2017,FY,2017-12-31,180.0,1,180.0,tonnes,none,not_applicable,as_reported,,True,statistics,usgs_mcs_ED2019.pdf,2,133.0,180,en,low,Estimate (marked e by the publisher)
EX33,Malaysia,country,,total_REO,concentrate,production_volume,contained_REO,FY2018,FY,2018-12-31,200.0,1,200.0,tonnes,none,not_applicable,as_reported,,False,statistics,usgs_mcs_ED2019.pdf,2,133.0,200,en,low,Estimate (marked e by the publisher)
EX34,Russia,country,,total_REO,concentrate,production_volume,contained_REO,FY2017,FY,2017-12-31,2600.0,1,2600.0,tonnes,none,not_applicable,as_reported,,True,statistics,usgs_mcs_ED2019.pdf,2,133.0,"2,600",en,low,Estimate (marked e by the publisher)
EX35,Russia,country,,total_REO,concentrate,production_volume,contained_REO,FY2018,FY,2018-12-31,2600.0,1,2600.0,tonnes,none,not_applicable,as_reported,,False,statistics,usgs_mcs_ED2019.pdf,2,133.0,"2,600",en,low,Estimate (marked e by the publisher)
EX36,Thailand,country,,total_REO,concentrate,production_volume,contained_REO,FY2017,FY,2017-12-31,1300.0,1,1300.0,tonnes,none,not_applicable,as_reported,,True,statistics,usgs_mcs_ED2019.pdf,2,133.0,"1,300",en,low,Estimate (marked e by the publisher)
EX37,Thailand,country,,total_REO,concentrate,production_volume,contained_REO,FY2018,FY,2018-12-31,1000.0,1,1000.0,tonnes,none,not_applicable,as_reported,,False,statistics,usgs_mcs_ED2019.pdf,2,133.0,"1,000",en,low,Estimate (marked e by the publisher)
EX38,Vietnam,country,,total_REO,concentrate,production_volume,contained_REO,FY2017,FY,2017-12-31,200.0,1,200.0,tonnes,none,not_applicable,as_reported,,True,statistics,usgs_mcs_ED2019.pdf,2,133.0,200,en,low,Estimate (marked e by the publisher)
EX39,Vietnam,country,,total_REO,concentrate,production_volume,contained_REO,FY2018,FY,2018-12-31,400.0,1,400.0,tonnes,none,not_applicable,as_reported,,False,statistics,usgs_mcs_ED2019.pdf,2,133.0,400,en,low,Estimate (marked e by the publisher)
EX40,World,world,,total_REO,concentrate,production_volume,contained_REO,FY2017,FY,2017-12-31,132000.0,1,132000.0,tonnes,none,not_applicable,as_reported,,True,statistics,usgs_mcs_ED2019.pdf,2,133.0,"132,000",en,low,"USGS world total, rounded; Estimate (marked e by the publisher)"
EX41,World,world,,total_REO,concentrate,production_volume,contained_REO,FY2018,FY,2018-12-31,170000.0,1,170000.0,tonnes,none,not_applicable,as_reported,,False,statistics,usgs_mcs_ED2019.pdf,2,133.0,"170,000",en,low,"USGS world total, rounded; Estimate (marked e by the publisher)"
EX01,United States,country,,total_REO,concentrate,production_volume,contained_REO,FY2015,FY,2015-12-31,5900.0,1,5900.0,tonnes,none,not_applicable,as_reported,,True,statistics,usgs_mcs_ED2020.pdf,1,132.0,"5,900",en,low,"USGS: US mine production, REO equivalent. Includes producers other than Mountain Pass (monazite in the southeastern US; Utah compounds per the 2026 edition); Estimate (marked e by the publisher)"
EX02,United States,country,,total_REO,concentrate,production_volume,contained_REO,FY2016,FY,2016-12-31,0.0,1,0.0,tonnes,none,not_applicable,as_reported,,True,statistics,usgs_mcs_ED2020.pdf,1,132.0,—,en,low,"USGS: US mine production, REO equivalent. Includes producers other than Mountain Pass (monazite in the southeastern US; Utah compounds per the 2026 edition); Estimate (marked e by the publisher)"
EX03,United States,country,,total_REO,concentrate,production_volume,contained_REO,FY2017,FY,2017-12-31,0.0,1,0.0,tonnes,none,not_applicable,as_reported,,True,statistics,usgs_mcs_ED2020.pdf,1,132.0,—,en,low,"USGS: US mine production, REO equivalent. Includes producers other than Mountain Pass (monazite in the southeastern US; Utah compounds per the 2026 edition); Estimate (marked e by the publisher)"
EX04,United States,country,,total_REO,concentrate,production_volume,contained_REO,FY2018,FY,2018-12-31,18000.0,1,18000.0,tonnes,none,not_applicable,as_reported,,True,statistics,usgs_mcs_ED2020.pdf,1,132.0,"18,000",en,low,"USGS: US mine production, REO equivalent. Includes producers other than Mountain Pass (monazite in the southeastern US; Utah compounds per the 2026 edition); Estimate (marked e by the publisher)"
EX05,United States,country,,total_REO,concentrate,production_volume,contained_REO,FY2019,FY,2019-12-31,26000.0,1,26000.0,tonnes,none,not_applicable,as_reported,,False,statistics,usgs_mcs_ED2020.pdf,1,132.0,"26,000",en,low,"USGS: US mine production, REO equivalent. Includes producers other than Mountain Pass (monazite in the southeastern US; Utah compounds per the 2026 edition); Estimate (marked e by the publisher)"
EX06,Rare earth market (USGS),market,,Dy,oxide,market_price,gross_weight,FY2015,FY,2015-12-31,279.0,1,279.0,USD_per_kg,USD,market,as_reported,,True,statistics,usgs_mcs_ED2020.pdf,1,132.0,279,en,high,"USGS average price, dollars per kilogram of oxide; price source named in each edition's footnote"
EX07,Rare earth market (USGS),market,,Dy,oxide,market_price,gross_weight,FY2016,FY,2016-12-31,198.0,1,198.0,USD_per_kg,USD,market,as_reported,,True,statistics,usgs_mcs_ED2020.pdf,1,132.0,198,en,high,"USGS average price, dollars per kilogram of oxide; price source named in each edition's footnote"
EX08,Rare earth market (USGS),market,,Dy,oxide,market_price,gross_weight,FY2017,FY,2017-12-31,187.0,1,187.0,USD_per_kg,USD,market,as_reported,,True,statistics,usgs_mcs_ED2020.pdf,1,132.0,187,en,high,"USGS average price, dollars per kilogram of oxide; price source named in each edition's footnote"
EX09,Rare earth market (USGS),market,,Dy,oxide,market_price,gross_weight,FY2018,FY,2018-12-31,179.0,1,179.0,USD_per_kg,USD,market,as_reported,,True,statistics,usgs_mcs_ED2020.pdf,1,132.0,179,en,high,"USGS average price, dollars per kilogram of oxide; price source named in each edition's footnote"
EX10,Rare earth market (USGS),market,,Dy,oxide,market_price,gross_weight,FY2019,FY,2019-12-31,240.0,1,240.0,USD_per_kg,USD,market,as_reported,,False,statistics,usgs_mcs_ED2020.pdf,1,132.0,240,en,low,"USGS average price, dollars per kilogram of oxide; price source named in each edition's footnote; Estimate (marked e by the publisher)"
EX11,Rare earth market (USGS),market,,Nd,oxide,market_price,gross_weight,FY2015,FY,2015-12-31,48.0,1,48.0,USD_per_kg,USD,market,as_reported,,True,statistics,usgs_mcs_ED2020.pdf,1,132.0,48,en,high,"USGS average price, dollars per kilogram of oxide; price source named in each edition's footnote"
EX12,Rare earth market (USGS),market,,Nd,oxide,market_price,gross_weight,FY2016,FY,2016-12-31,40.0,1,40.0,USD_per_kg,USD,market,as_reported,,True,statistics,usgs_mcs_ED2020.pdf,1,132.0,40,en,high,"USGS average price, dollars per kilogram of oxide; price source named in each edition's footnote"
EX13,Rare earth market (USGS),market,,Nd,oxide,market_price,gross_weight,FY2017,FY,2017-12-31,50.0,1,50.0,USD_per_kg,USD,market,as_reported,,True,statistics,usgs_mcs_ED2020.pdf,1,132.0,50,en,high,"USGS average price, dollars per kilogram of oxide; price source named in each edition's footnote"
EX14,Rare earth market (USGS),market,,Nd,oxide,market_price,gross_weight,FY2018,FY,2018-12-31,50.0,1,50.0,USD_per_kg,USD,market,as_reported,,True,statistics,usgs_mcs_ED2020.pdf,1,132.0,50,en,high,"USGS average price, dollars per kilogram of oxide; price source named in each edition's footnote"
EX15,Rare earth market (USGS),market,,Nd,oxide,market_price,gross_weight,FY2019,FY,2019-12-31,45.0,1,45.0,USD_per_kg,USD,market,as_reported,,False,statistics,usgs_mcs_ED2020.pdf,1,132.0,45,en,low,"USGS average price, dollars per kilogram of oxide; price source named in each edition's footnote; Estimate (marked e by the publisher)"
EX16,Rare earth market (USGS),market,,Tb,oxide,market_price,gross_weight,FY2015,FY,2015-12-31,564.0,1,564.0,USD_per_kg,USD,market,as_reported,,True,statistics,usgs_mcs_ED2020.pdf,1,132.0,564,en,high,"USGS average price, dollars per kilogram of oxide; price source named in each edition's footnote"
EX17,Rare earth market (USGS),market,,Tb,oxide,market_price,gross_weight,FY2016,FY,2016-12-31,415.0,1,415.0,USD_per_kg,USD,market,as_reported,,True,statistics,usgs_mcs_ED2020.pdf,1,132.0,415,en,high,"USGS average price, dollars per kilogram of oxide; price source named in each edition's footnote"
EX18,Rare earth market (USGS),market,,Tb,oxide,market_price,gross_weight,FY2017,FY,2017-12-31,501.0,1,501.0,USD_per_kg,USD,market,as_reported,,True,statistics,usgs_mcs_ED2020.pdf,1,132.0,501,en,high,"USGS average price, dollars per kilogram of oxide; price source named in each edition's footnote"
EX19,Rare earth market (USGS),market,,Tb,oxide,market_price,gross_weight,FY2018,FY,2018-12-31,455.0,1,455.0,USD_per_kg,USD,market,as_reported,,True,statistics,usgs_mcs_ED2020.pdf,1,132.0,455,en,high,"USGS average price, dollars per kilogram of oxide; price source named in each edition's footnote"
EX20,Rare earth market (USGS),market,,Tb,oxide,market_price,gross_weight,FY2019,FY,2019-12-31,510.0,1,510.0,USD_per_kg,USD,market,as_reported,,False,statistics,usgs_mcs_ED2020.pdf,1,132.0,510,en,low,"USGS average price, dollars per kilogram of oxide; price source named in each edition's footnote; Estimate (marked e by the publisher)"
EX21,United States,country,,total_REO,concentrate,production_volume,contained_REO,FY2018,FY,2018-12-31,18000.0,1,18000.0,tonnes,none,not_applicable,as_reported,,True,statistics,usgs_mcs_ED2020.pdf,2,133.0,"18,000",en,low,"USGS: US mine production, REO equivalent. Includes producers other than Mountain Pass (monazite in the southeastern US; Utah compounds per the 2026 edition); Estimate (marked e by the publisher)"
EX22,United States,country,,total_REO,concentrate,production_volume,contained_REO,FY2019,FY,2019-12-31,26000.0,1,26000.0,tonnes,none,not_applicable,as_reported,,False,statistics,usgs_mcs_ED2020.pdf,2,133.0,"26,000",en,low,"USGS: US mine production, REO equivalent. Includes producers other than Mountain Pass (monazite in the southeastern US; Utah compounds per the 2026 edition); Estimate (marked e by the publisher)"
EX23,Australia,country,,total_REO,concentrate,production_volume,contained_REO,FY2018,FY,2018-12-31,21000.0,1,21000.0,tonnes,none,not_applicable,as_reported,,True,statistics,usgs_mcs_ED2020.pdf,2,133.0,"21,000",en,low,Estimate (marked e by the publisher)
EX24,Australia,country,,total_REO,concentrate,production_volume,contained_REO,FY2019,FY,2019-12-31,21000.0,1,21000.0,tonnes,none,not_applicable,as_reported,,False,statistics,usgs_mcs_ED2020.pdf,2,133.0,"21,000",en,low,Estimate (marked e by the publisher)
EX25,Brazil,country,,total_REO,concentrate,production_volume,contained_REO,FY2018,FY,2018-12-31,1100.0,1,1100.0,tonnes,none,not_applicable,as_reported,,True,statistics,usgs_mcs_ED2020.pdf,2,133.0,"1,100",en,low,Estimate (marked e by the publisher)
EX26,Brazil,country,,total_REO,concentrate,production_volume,contained_REO,FY2019,FY,2019-12-31,1000.0,1,1000.0,tonnes,none,not_applicable,as_reported,,False,statistics,usgs_mcs_ED2020.pdf,2,133.0,"1,000",en,low,Estimate (marked e by the publisher)
EX27,Burma,country,,total_REO,concentrate,production_volume,contained_REO,FY2018,FY,2018-12-31,19000.0,1,19000.0,tonnes,none,not_applicable,as_reported,,True,statistics,usgs_mcs_ED2020.pdf,2,133.0,"19,000",en,low,Named 'Burma (Myanmar)' in the 2019-2021 editions; Estimate (marked e by the publisher)
EX28,Burma,country,,total_REO,concentrate,production_volume,contained_REO,FY2019,FY,2019-12-31,22000.0,1,22000.0,tonnes,none,not_applicable,as_reported,,False,statistics,usgs_mcs_ED2020.pdf,2,133.0,"22,000",en,low,Named 'Burma (Myanmar)' in the 2019-2021 editions; Estimate (marked e by the publisher)
EX29,China,country,,total_REO,concentrate,production_volume,contained_REO,FY2018,FY,2018-12-31,120000.0,1,120000.0,tonnes,none,not_applicable,as_reported,,True,statistics,usgs_mcs_ED2020.pdf,2,133.0,"120,000",en,low,Production quota; does not include undocumented production (USGS footnote); Estimate (marked e by the publisher)
EX30,China,country,,total_REO,concentrate,production_volume,contained_REO,FY2019,FY,2019-12-31,132000.0,1,132000.0,tonnes,none,not_applicable,as_reported,,False,statistics,usgs_mcs_ED2020.pdf,2,133.0,"132,000",en,low,Production quota; does not include undocumented production (USGS footnote); Estimate (marked e by the publisher)
EX31,India,country,,total_REO,concentrate,production_volume,contained_REO,FY2018,FY,2018-12-31,2900.0,1,2900.0,tonnes,none,not_applicable,as_reported,,True,statistics,usgs_mcs_ED2020.pdf,2,133.0,"2,900",en,low,Estimate (marked e by the publisher)
EX32,India,country,,total_REO,concentrate,production_volume,contained_REO,FY2019,FY,2019-12-31,3000.0,1,3000.0,tonnes,none,not_applicable,as_reported,,False,statistics,usgs_mcs_ED2020.pdf,2,133.0,"3,000",en,low,Estimate (marked e by the publisher)
EX33,Madagascar,country,,total_REO,concentrate,production_volume,contained_REO,FY2018,FY,2018-12-31,2000.0,1,2000.0,tonnes,none,not_applicable,as_reported,,True,statistics,usgs_mcs_ED2020.pdf,2,133.0,"2,000",en,low,Estimate (marked e by the publisher)
EX34,Madagascar,country,,total_REO,concentrate,production_volume,contained_REO,FY2019,FY,2019-12-31,2000.0,1,2000.0,tonnes,none,not_applicable,as_reported,,False,statistics,usgs_mcs_ED2020.pdf,2,133.0,"2,000",en,low,Estimate (marked e by the publisher)
EX35,Russia,country,,total_REO,concentrate,production_volume,contained_REO,FY2018,FY,2018-12-31,2700.0,1,2700.0,tonnes,none,not_applicable,as_reported,,True,statistics,usgs_mcs_ED2020.pdf,2,133.0,"2,700",en,low,Estimate (marked e by the publisher)
EX36,Russia,country,,total_REO,concentrate,production_volume,contained_REO,FY2019,FY,2019-12-31,2700.0,1,2700.0,tonnes,none,not_applicable,as_reported,,False,statistics,usgs_mcs_ED2020.pdf,2,133.0,"2,700",en,low,Estimate (marked e by the publisher)
EX37,Thailand,country,,total_REO,concentrate,production_volume,contained_REO,FY2018,FY,2018-12-31,1000.0,1,1000.0,tonnes,none,not_applicable,as_reported,,True,statistics,usgs_mcs_ED2020.pdf,2,133.0,"1,000",en,low,Estimate (marked e by the publisher)
EX38,Thailand,country,,total_REO,concentrate,production_volume,contained_REO,FY2019,FY,2019-12-31,1800.0,1,1800.0,tonnes,none,not_applicable,as_reported,,False,statistics,usgs_mcs_ED2020.pdf,2,133.0,"1,800",en,low,Estimate (marked e by the publisher)
EX39,Vietnam,country,,total_REO,concentrate,production_volume,contained_REO,FY2018,FY,2018-12-31,920.0,1,920.0,tonnes,none,not_applicable,as_reported,,True,statistics,usgs_mcs_ED2020.pdf,2,133.0,920,en,low,Estimate (marked e by the publisher)
EX40,Vietnam,country,,total_REO,concentrate,production_volume,contained_REO,FY2019,FY,2019-12-31,900.0,1,900.0,tonnes,none,not_applicable,as_reported,,False,statistics,usgs_mcs_ED2020.pdf,2,133.0,900,en,low,Estimate (marked e by the publisher)
EX41,World,world,,total_REO,concentrate,production_volume,contained_REO,FY2018,FY,2018-12-31,190000.0,1,190000.0,tonnes,none,not_applicable,as_reported,,True,statistics,usgs_mcs_ED2020.pdf,2,133.0,"190,000",en,low,"USGS world total, rounded; Estimate (marked e by the publisher)"
EX42,World,world,,total_REO,concentrate,production_volume,contained_REO,FY2019,FY,2019-12-31,210000.0,1,210000.0,tonnes,none,not_applicable,as_reported,,False,statistics,usgs_mcs_ED2020.pdf,2,133.0,"210,000",en,low,"USGS world total, rounded; Estimate (marked e by the publisher)"
EX01,United States,country,,total_REO,concentrate,production_volume,contained_REO,FY2016,FY,2016-12-31,0.0,1,0.0,tonnes,none,not_applicable,as_reported,,True,statistics,usgs_mcs_ED2021.pdf,1,,—,en,low,"USGS: US mine production, REO equivalent. Includes producers other than Mountain Pass (monazite in the southeastern US; Utah compounds per the 2026 edition); Estimate (marked e by the publisher)"
EX02,United States,country,,total_REO,concentrate,production_volume,contained_REO,FY2017,FY,2017-12-31,0.0,1,0.0,tonnes,none,not_applicable,as_reported,,True,statistics,usgs_mcs_ED2021.pdf,1,,—,en,low,"USGS: US mine production, REO equivalent. Includes producers other than Mountain Pass (monazite in the southeastern US; Utah compounds per the 2026 edition); Estimate (marked e by the publisher)"
EX03,United States,country,,total_REO,concentrate,production_volume,contained_REO,FY2018,FY,2018-12-31,14000.0,1,14000.0,tonnes,none,not_applicable,as_reported,,True,statistics,usgs_mcs_ED2021.pdf,1,,"14,000",en,low,"USGS: US mine production, REO equivalent. Includes producers other than Mountain Pass (monazite in the southeastern US; Utah compounds per the 2026 edition); Estimate (marked e by the publisher)"
EX04,United States,country,,total_REO,concentrate,production_volume,contained_REO,FY2019,FY,2019-12-31,28000.0,1,28000.0,tonnes,none,not_applicable,as_reported,,True,statistics,usgs_mcs_ED2021.pdf,1,,"28,000",en,low,"USGS: US mine production, REO equivalent. Includes producers other than Mountain Pass (monazite in the southeastern US; Utah compounds per the 2026 edition); Estimate (marked e by the publisher)"
EX05,United States,country,,total_REO,concentrate,production_volume,contained_REO,FY2020,FY,2020-12-31,38000.0,1,38000.0,tonnes,none,not_applicable,as_reported,,False,statistics,usgs_mcs_ED2021.pdf,1,,"38,000",en,low,"USGS: US mine production, REO equivalent. Includes producers other than Mountain Pass (monazite in the southeastern US; Utah compounds per the 2026 edition); Estimate (marked e by the publisher)"
EX06,Rare earth market (USGS),market,,Dy,oxide,market_price,gross_weight,FY2016,FY,2016-12-31,198.0,1,198.0,USD_per_kg,USD,market,as_reported,,True,statistics,usgs_mcs_ED2021.pdf,1,,198,en,high,"USGS average price, dollars per kilogram of oxide; price source named in each edition's footnote"
EX07,Rare earth market (USGS),market,,Dy,oxide,market_price,gross_weight,FY2017,FY,2017-12-31,187.0,1,187.0,USD_per_kg,USD,market,as_reported,,True,statistics,usgs_mcs_ED2021.pdf,1,,187,en,high,"USGS average price, dollars per kilogram of oxide; price source named in each edition's footnote"
EX08,Rare earth market (USGS),market,,Dy,oxide,market_price,gross_weight,FY2018,FY,2018-12-31,179.0,1,179.0,USD_per_kg,USD,market,as_reported,,True,statistics,usgs_mcs_ED2021.pdf,1,,179,en,high,"USGS average price, dollars per kilogram of oxide; price source named in each edition's footnote"
EX09,Rare earth market (USGS),market,,Dy,oxide,market_price,gross_weight,FY2019,FY,2019-12-31,239.0,1,239.0,USD_per_kg,USD,market,as_reported,,True,statistics,usgs_mcs_ED2021.pdf,1,,239,en,high,"USGS average price, dollars per kilogram of oxide; price source named in each edition's footnote"
EX10,Rare earth market (USGS),market,,Dy,oxide,market_price,gross_weight,FY2020,FY,2020-12-31,258.0,1,258.0,USD_per_kg,USD,market,as_reported,,False,statistics,usgs_mcs_ED2021.pdf,1,,258,en,low,"USGS average price, dollars per kilogram of oxide; price source named in each edition's footnote; Estimate (marked e by the publisher)"
EX11,Rare earth market (USGS),market,,Nd,oxide,market_price,gross_weight,FY2016,FY,2016-12-31,40.0,1,40.0,USD_per_kg,USD,market,as_reported,,True,statistics,usgs_mcs_ED2021.pdf,1,,40,en,high,"USGS average price, dollars per kilogram of oxide; price source named in each edition's footnote"
EX12,Rare earth market (USGS),market,,Nd,oxide,market_price,gross_weight,FY2017,FY,2017-12-31,50.0,1,50.0,USD_per_kg,USD,market,as_reported,,True,statistics,usgs_mcs_ED2021.pdf,1,,50,en,high,"USGS average price, dollars per kilogram of oxide; price source named in each edition's footnote"
EX13,Rare earth market (USGS),market,,Nd,oxide,market_price,gross_weight,FY2018,FY,2018-12-31,50.0,1,50.0,USD_per_kg,USD,market,as_reported,,True,statistics,usgs_mcs_ED2021.pdf,1,,50,en,high,"USGS average price, dollars per kilogram of oxide; price source named in each edition's footnote"
EX14,Rare earth market (USGS),market,,Nd,oxide,market_price,gross_weight,FY2019,FY,2019-12-31,45.0,1,45.0,USD_per_kg,USD,market,as_reported,,True,statistics,usgs_mcs_ED2021.pdf,1,,45,en,high,"USGS average price, dollars per kilogram of oxide; price source named in each edition's footnote"
EX15,Rare earth market (USGS),market,,Nd,oxide,market_price,gross_weight,FY2020,FY,2020-12-31,47.0,1,47.0,USD_per_kg,USD,market,as_reported,,False,statistics,usgs_mcs_ED2021.pdf,1,,47,en,low,"USGS average price, dollars per kilogram of oxide; price source named in each edition's footnote; Estimate (marked e by the publisher)"
EX16,Rare earth market (USGS),market,,Tb,oxide,market_price,gross_weight,FY2016,FY,2016-12-31,415.0,1,415.0,USD_per_kg,USD,market,as_reported,,True,statistics,usgs_mcs_ED2021.pdf,1,,415,en,high,"USGS average price, dollars per kilogram of oxide; price source named in each edition's footnote"
EX17,Rare earth market (USGS),market,,Tb,oxide,market_price,gross_weight,FY2017,FY,2017-12-31,501.0,1,501.0,USD_per_kg,USD,market,as_reported,,True,statistics,usgs_mcs_ED2021.pdf,1,,501,en,high,"USGS average price, dollars per kilogram of oxide; price source named in each edition's footnote"
EX18,Rare earth market (USGS),market,,Tb,oxide,market_price,gross_weight,FY2018,FY,2018-12-31,455.0,1,455.0,USD_per_kg,USD,market,as_reported,,True,statistics,usgs_mcs_ED2021.pdf,1,,455,en,high,"USGS average price, dollars per kilogram of oxide; price source named in each edition's footnote"
EX19,Rare earth market (USGS),market,,Tb,oxide,market_price,gross_weight,FY2019,FY,2019-12-31,507.0,1,507.0,USD_per_kg,USD,market,as_reported,,True,statistics,usgs_mcs_ED2021.pdf,1,,507,en,high,"USGS average price, dollars per kilogram of oxide; price source named in each edition's footnote"
EX20,Rare earth market (USGS),market,,Tb,oxide,market_price,gross_weight,FY2020,FY,2020-12-31,628.0,1,628.0,USD_per_kg,USD,market,as_reported,,False,statistics,usgs_mcs_ED2021.pdf,1,,628,en,low,"USGS average price, dollars per kilogram of oxide; price source named in each edition's footnote; Estimate (marked e by the publisher)"
EX21,United States,country,,total_REO,concentrate,production_volume,contained_REO,FY2019,FY,2019-12-31,28000.0,1,28000.0,tonnes,none,not_applicable,as_reported,,True,statistics,usgs_mcs_ED2021.pdf,2,,"28,000",en,high,"USGS: US mine production, REO equivalent. Includes producers other than Mountain Pass (monazite in the southeastern US; Utah compounds per the 2026 edition)"
EX22,United States,country,,total_REO,concentrate,production_volume,contained_REO,FY2020,FY,2020-12-31,38000.0,1,38000.0,tonnes,none,not_applicable,as_reported,,False,statistics,usgs_mcs_ED2021.pdf,2,,"38,000",en,low,"USGS: US mine production, REO equivalent. Includes producers other than Mountain Pass (monazite in the southeastern US; Utah compounds per the 2026 edition); Estimate (marked e by the publisher)"
EX23,Australia,country,,total_REO,concentrate,production_volume,contained_REO,FY2019,FY,2019-12-31,20000.0,1,20000.0,tonnes,none,not_applicable,as_reported,,True,statistics,usgs_mcs_ED2021.pdf,2,,"20,000",en,high,
EX24,Australia,country,,total_REO,concentrate,production_volume,contained_REO,FY2020,FY,2020-12-31,17000.0,1,17000.0,tonnes,none,not_applicable,as_reported,,False,statistics,usgs_mcs_ED2021.pdf,2,,"17,000",en,low,Estimate (marked e by the publisher)
EX25,Brazil,country,,total_REO,concentrate,production_volume,contained_REO,FY2019,FY,2019-12-31,710.0,1,710.0,tonnes,none,not_applicable,as_reported,,True,statistics,usgs_mcs_ED2021.pdf,2,,710,en,high,
EX26,Brazil,country,,total_REO,concentrate,production_volume,contained_REO,FY2020,FY,2020-12-31,1000.0,1,1000.0,tonnes,none,not_applicable,as_reported,,False,statistics,usgs_mcs_ED2021.pdf,2,,"1,000",en,low,Estimate (marked e by the publisher)
EX27,Burma,country,,total_REO,concentrate,production_volume,contained_REO,FY2019,FY,2019-12-31,25000.0,1,25000.0,tonnes,none,not_applicable,as_reported,,True,statistics,usgs_mcs_ED2021.pdf,2,,"25,000",en,high,
EX28,Burma,country,,total_REO,concentrate,production_volume,contained_REO,FY2020,FY,2020-12-31,30000.0,1,30000.0,tonnes,none,not_applicable,as_reported,,False,statistics,usgs_mcs_ED2021.pdf,2,,"30,000",en,low,Estimate (marked e by the publisher)
EX29,China,country,,total_REO,concentrate,production_volume,contained_REO,FY2019,FY,2019-12-31,132000.0,1,132000.0,tonnes,none,not_applicable,as_reported,,True,statistics,usgs_mcs_ED2021.pdf,2,,"132,000",en,high,Production quota; does not include undocumented production (USGS footnote)
EX30,China,country,,total_REO,concentrate,production_volume,contained_REO,FY2020,FY,2020-12-31,140000.0,1,140000.0,tonnes,none,not_applicable,as_reported,,False,statistics,usgs_mcs_ED2021.pdf,2,,"140,000",en,low,Production quota; does not include undocumented production (USGS footnote); Estimate (marked e by the publisher)
EX31,India,country,,total_REO,concentrate,production_volume,contained_REO,FY2019,FY,2019-12-31,2900.0,1,2900.0,tonnes,none,not_applicable,as_reported,,True,statistics,usgs_mcs_ED2021.pdf,2,,"2,900",en,high,
EX32,India,country,,total_REO,concentrate,production_volume,contained_REO,FY2020,FY,2020-12-31,3000.0,1,3000.0,tonnes,none,not_applicable,as_reported,,False,statistics,usgs_mcs_ED2021.pdf,2,,"3,000",en,low,Estimate (marked e by the publisher)
EX33,Madagascar,country,,total_REO,concentrate,production_volume,contained_REO,FY2019,FY,2019-12-31,4000.0,1,4000.0,tonnes,none,not_applicable,as_reported,,True,statistics,usgs_mcs_ED2021.pdf,2,,"4,000",en,high,
EX34,Madagascar,country,,total_REO,concentrate,production_volume,contained_REO,FY2020,FY,2020-12-31,8000.0,1,8000.0,tonnes,none,not_applicable,as_reported,,False,statistics,usgs_mcs_ED2021.pdf,2,,"8,000",en,low,Estimate (marked e by the publisher)
EX35,Russia,country,,total_REO,concentrate,production_volume,contained_REO,FY2019,FY,2019-12-31,2700.0,1,2700.0,tonnes,none,not_applicable,as_reported,,True,statistics,usgs_mcs_ED2021.pdf,2,,"2,700",en,high,
EX36,Russia,country,,total_REO,concentrate,production_volume,contained_REO,FY2020,FY,2020-12-31,2700.0,1,2700.0,tonnes,none,not_applicable,as_reported,,False,statistics,usgs_mcs_ED2021.pdf,2,,"2,700",en,low,Estimate (marked e by the publisher)
EX37,Thailand,country,,total_REO,concentrate,production_volume,contained_REO,FY2019,FY,2019-12-31,1900.0,1,1900.0,tonnes,none,not_applicable,as_reported,,True,statistics,usgs_mcs_ED2021.pdf,2,,"1,900",en,high,
EX38,Thailand,country,,total_REO,concentrate,production_volume,contained_REO,FY2020,FY,2020-12-31,2000.0,1,2000.0,tonnes,none,not_applicable,as_reported,,False,statistics,usgs_mcs_ED2021.pdf,2,,"2,000",en,low,Estimate (marked e by the publisher)
EX39,Vietnam,country,,total_REO,concentrate,production_volume,contained_REO,FY2019,FY,2019-12-31,1300.0,1,1300.0,tonnes,none,not_applicable,as_reported,,True,statistics,usgs_mcs_ED2021.pdf,2,,"1,300",en,high,
EX40,Vietnam,country,,total_REO,concentrate,production_volume,contained_REO,FY2020,FY,2020-12-31,1000.0,1,1000.0,tonnes,none,not_applicable,as_reported,,False,statistics,usgs_mcs_ED2021.pdf,2,,"1,000",en,low,Estimate (marked e by the publisher)
EX41,World,world,,total_REO,concentrate,production_volume,contained_REO,FY2019,FY,2019-12-31,220000.0,1,220000.0,tonnes,none,not_applicable,as_reported,,True,statistics,usgs_mcs_ED2021.pdf,2,,"220,000",en,high,"USGS world total, rounded"
EX42,World,world,,total_REO,concentrate,production_volume,contained_REO,FY2020,FY,2020-12-31,240000.0,1,240000.0,tonnes,none,not_applicable,as_reported,,False,statistics,usgs_mcs_ED2021.pdf,2,,"240,000",en,low,"USGS world total, rounded; Estimate (marked e by the publisher)"
EX01,United States,country,,total_REO,concentrate,production_volume,contained_REO,FY2017,FY,2017-12-31,0.0,1,0.0,tonnes,none,not_applicable,as_reported,,True,statistics,usgs_mcs_ED2022.pdf,1,,—,en,low,"USGS: US mine production, REO equivalent. Includes producers other than Mountain Pass (monazite in the southeastern US; Utah compounds per the 2026 edition); Estimate (marked e by the publisher)"
EX02,United States,country,,total_REO,concentrate,production_volume,contained_REO,FY2018,FY,2018-12-31,14000.0,1,14000.0,tonnes,none,not_applicable,as_reported,,True,statistics,usgs_mcs_ED2022.pdf,1,,"14,000",en,low,"USGS: US mine production, REO equivalent. Includes producers other than Mountain Pass (monazite in the southeastern US; Utah compounds per the 2026 edition); Estimate (marked e by the publisher)"
EX03,United States,country,,total_REO,concentrate,production_volume,contained_REO,FY2019,FY,2019-12-31,28000.0,1,28000.0,tonnes,none,not_applicable,as_reported,,True,statistics,usgs_mcs_ED2022.pdf,1,,"28,000",en,low,"USGS: US mine production, REO equivalent. Includes producers other than Mountain Pass (monazite in the southeastern US; Utah compounds per the 2026 edition); Estimate (marked e by the publisher)"
EX04,United States,country,,total_REO,concentrate,production_volume,contained_REO,FY2020,FY,2020-12-31,39000.0,1,39000.0,tonnes,none,not_applicable,as_reported,,True,statistics,usgs_mcs_ED2022.pdf,1,,"39,000",en,low,"USGS: US mine production, REO equivalent. Includes producers other than Mountain Pass (monazite in the southeastern US; Utah compounds per the 2026 edition); Estimate (marked e by the publisher)"
EX05,United States,country,,total_REO,concentrate,production_volume,contained_REO,FY2021,FY,2021-12-31,43000.0,1,43000.0,tonnes,none,not_applicable,as_reported,,False,statistics,usgs_mcs_ED2022.pdf,1,,"43,000",en,low,"USGS: US mine production, REO equivalent. Includes producers other than Mountain Pass (monazite in the southeastern US; Utah compounds per the 2026 edition); Estimate (marked e by the publisher)"
EX06,Rare earth market (USGS),market,,Dy,oxide,market_price,gross_weight,FY2017,FY,2017-12-31,187.0,1,187.0,USD_per_kg,USD,market,as_reported,,True,statistics,usgs_mcs_ED2022.pdf,1,,187,en,high,"USGS average price, dollars per kilogram of oxide; price source named in each edition's footnote"
EX07,Rare earth market (USGS),market,,Dy,oxide,market_price,gross_weight,FY2018,FY,2018-12-31,179.0,1,179.0,USD_per_kg,USD,market,as_reported,,True,statistics,usgs_mcs_ED2022.pdf,1,,179,en,high,"USGS average price, dollars per kilogram of oxide; price source named in each edition's footnote"
EX08,Rare earth market (USGS),market,,Dy,oxide,market_price,gross_weight,FY2019,FY,2019-12-31,239.0,1,239.0,USD_per_kg,USD,market,as_reported,,True,statistics,usgs_mcs_ED2022.pdf,1,,239,en,high,"USGS average price, dollars per kilogram of oxide; price source named in each edition's footnote"
EX09,Rare earth market (USGS),market,,Dy,oxide,market_price,gross_weight,FY2020,FY,2020-12-31,261.0,1,261.0,USD_per_kg,USD,market,as_reported,,True,statistics,usgs_mcs_ED2022.pdf,1,,261,en,high,"USGS average price, dollars per kilogram of oxide; price source named in each edition's footnote"
EX10,Rare earth market (USGS),market,,Dy,oxide,market_price,gross_weight,FY2021,FY,2021-12-31,400.0,1,400.0,USD_per_kg,USD,market,as_reported,,False,statistics,usgs_mcs_ED2022.pdf,1,,400,en,low,"USGS average price, dollars per kilogram of oxide; price source named in each edition's footnote; Estimate (marked e by the publisher)"
EX11,Rare earth market (USGS),market,,Nd,oxide,market_price,gross_weight,FY2017,FY,2017-12-31,50.0,1,50.0,USD_per_kg,USD,market,as_reported,,True,statistics,usgs_mcs_ED2022.pdf,1,,50,en,high,"USGS average price, dollars per kilogram of oxide; price source named in each edition's footnote"
EX12,Rare earth market (USGS),market,,Nd,oxide,market_price,gross_weight,FY2018,FY,2018-12-31,50.0,1,50.0,USD_per_kg,USD,market,as_reported,,True,statistics,usgs_mcs_ED2022.pdf,1,,50,en,high,"USGS average price, dollars per kilogram of oxide; price source named in each edition's footnote"
EX13,Rare earth market (USGS),market,,Nd,oxide,market_price,gross_weight,FY2019,FY,2019-12-31,45.0,1,45.0,USD_per_kg,USD,market,as_reported,,True,statistics,usgs_mcs_ED2022.pdf,1,,45,en,high,"USGS average price, dollars per kilogram of oxide; price source named in each edition's footnote"
EX14,Rare earth market (USGS),market,,Nd,oxide,market_price,gross_weight,FY2020,FY,2020-12-31,49.0,1,49.0,USD_per_kg,USD,market,as_reported,,True,statistics,usgs_mcs_ED2022.pdf,1,,49,en,high,"USGS average price, dollars per kilogram of oxide; price source named in each edition's footnote"
EX15,Rare earth market (USGS),market,,Nd,oxide,market_price,gross_weight,FY2021,FY,2021-12-31,49.0,1,49.0,USD_per_kg,USD,market,as_reported,,False,statistics,usgs_mcs_ED2022.pdf,1,,49,en,low,"USGS average price, dollars per kilogram of oxide; price source named in each edition's footnote; Estimate (marked e by the publisher)"
EX16,Rare earth market (USGS),market,,Tb,oxide,market_price,gross_weight,FY2017,FY,2017-12-31,501.0,1,501.0,USD_per_kg,USD,market,as_reported,,True,statistics,usgs_mcs_ED2022.pdf,1,,501,en,high,"USGS average price, dollars per kilogram of oxide; price source named in each edition's footnote"
EX17,Rare earth market (USGS),market,,Tb,oxide,market_price,gross_weight,FY2018,FY,2018-12-31,455.0,1,455.0,USD_per_kg,USD,market,as_reported,,True,statistics,usgs_mcs_ED2022.pdf,1,,455,en,high,"USGS average price, dollars per kilogram of oxide; price source named in each edition's footnote"
EX18,Rare earth market (USGS),market,,Tb,oxide,market_price,gross_weight,FY2019,FY,2019-12-31,507.0,1,507.0,USD_per_kg,USD,market,as_reported,,True,statistics,usgs_mcs_ED2022.pdf,1,,507,en,high,"USGS average price, dollars per kilogram of oxide; price source named in each edition's footnote"
EX19,Rare earth market (USGS),market,,Tb,oxide,market_price,gross_weight,FY2020,FY,2020-12-31,670.0,1,670.0,USD_per_kg,USD,market,as_reported,,True,statistics,usgs_mcs_ED2022.pdf,1,,670,en,high,"USGS average price, dollars per kilogram of oxide; price source named in each edition's footnote"
EX20,Rare earth market (USGS),market,,Tb,oxide,market_price,gross_weight,FY2021,FY,2021-12-31,1300.0,1,1300.0,USD_per_kg,USD,market,as_reported,,False,statistics,usgs_mcs_ED2022.pdf,1,,"1,300",en,low,"USGS average price, dollars per kilogram of oxide; price source named in each edition's footnote; Estimate (marked e by the publisher)"
EX21,United States,country,,total_REO,concentrate,production_volume,contained_REO,FY2020,FY,2020-12-31,39000.0,1,39000.0,tonnes,none,not_applicable,as_reported,,True,statistics,usgs_mcs_ED2022.pdf,2,,"39,000",en,high,"USGS: US mine production, REO equivalent. Includes producers other than Mountain Pass (monazite in the southeastern US; Utah compounds per the 2026 edition)"
EX22,United States,country,,total_REO,concentrate,production_volume,contained_REO,FY2021,FY,2021-12-31,43000.0,1,43000.0,tonnes,none,not_applicable,as_reported,,False,statistics,usgs_mcs_ED2022.pdf,2,,"43,000",en,low,"USGS: US mine production, REO equivalent. Includes producers other than Mountain Pass (monazite in the southeastern US; Utah compounds per the 2026 edition); Estimate (marked e by the publisher)"
EX23,Australia,country,,total_REO,concentrate,production_volume,contained_REO,FY2020,FY,2020-12-31,21000.0,1,21000.0,tonnes,none,not_applicable,as_reported,,True,statistics,usgs_mcs_ED2022.pdf,2,,"21,000",en,high,
EX24,Australia,country,,total_REO,concentrate,production_volume,contained_REO,FY2021,FY,2021-12-31,22000.0,1,22000.0,tonnes,none,not_applicable,as_reported,,False,statistics,usgs_mcs_ED2022.pdf,2,,"22,000",en,low,Estimate (marked e by the publisher)
EX25,Brazil,country,,total_REO,concentrate,production_volume,contained_REO,FY2020,FY,2020-12-31,600.0,1,600.0,tonnes,none,not_applicable,as_reported,,True,statistics,usgs_mcs_ED2022.pdf,2,,600,en,high,
EX26,Brazil,country,,total_REO,concentrate,production_volume,contained_REO,FY2021,FY,2021-12-31,500.0,1,500.0,tonnes,none,not_applicable,as_reported,,False,statistics,usgs_mcs_ED2022.pdf,2,,500,en,low,Estimate (marked e by the publisher)
EX27,Burma,country,,total_REO,concentrate,production_volume,contained_REO,FY2020,FY,2020-12-31,31000.0,1,31000.0,tonnes,none,not_applicable,as_reported,,True,statistics,usgs_mcs_ED2022.pdf,2,,"31,000",en,high,
EX28,Burma,country,,total_REO,concentrate,production_volume,contained_REO,FY2021,FY,2021-12-31,26000.0,1,26000.0,tonnes,none,not_applicable,as_reported,,False,statistics,usgs_mcs_ED2022.pdf,2,,"26,000",en,low,Estimate (marked e by the publisher)
EX29,China,country,,total_REO,concentrate,production_volume,contained_REO,FY2020,FY,2020-12-31,140000.0,1,140000.0,tonnes,none,not_applicable,as_reported,,True,statistics,usgs_mcs_ED2022.pdf,2,,"140,000",en,high,Production quota; does not include undocumented production (USGS footnote)
EX30,China,country,,total_REO,concentrate,production_volume,contained_REO,FY2021,FY,2021-12-31,168000.0,1,168000.0,tonnes,none,not_applicable,as_reported,,False,statistics,usgs_mcs_ED2022.pdf,2,,"168,000",en,low,Production quota; does not include undocumented production (USGS footnote); Estimate (marked e by the publisher)
EX31,India,country,,total_REO,concentrate,production_volume,contained_REO,FY2020,FY,2020-12-31,2900.0,1,2900.0,tonnes,none,not_applicable,as_reported,,True,statistics,usgs_mcs_ED2022.pdf,2,,"2,900",en,high,
EX32,India,country,,total_REO,concentrate,production_volume,contained_REO,FY2021,FY,2021-12-31,2900.0,1,2900.0,tonnes,none,not_applicable,as_reported,,False,statistics,usgs_mcs_ED2022.pdf,2,,"2,900",en,low,Estimate (marked e by the publisher)
EX33,Madagascar,country,,total_REO,concentrate,production_volume,contained_REO,FY2020,FY,2020-12-31,2800.0,1,2800.0,tonnes,none,not_applicable,as_reported,,True,statistics,usgs_mcs_ED2022.pdf,2,,"2,800",en,high,
EX34,Madagascar,country,,total_REO,concentrate,production_volume,contained_REO,FY2021,FY,2021-12-31,3200.0,1,3200.0,tonnes,none,not_applicable,as_reported,,False,statistics,usgs_mcs_ED2022.pdf,2,,"3,200",en,low,Estimate (marked e by the publisher)
EX35,Russia,country,,total_REO,concentrate,production_volume,contained_REO,FY2020,FY,2020-12-31,2700.0,1,2700.0,tonnes,none,not_applicable,as_reported,,True,statistics,usgs_mcs_ED2022.pdf,2,,"2,700",en,high,
EX36,Russia,country,,total_REO,concentrate,production_volume,contained_REO,FY2021,FY,2021-12-31,2700.0,1,2700.0,tonnes,none,not_applicable,as_reported,,False,statistics,usgs_mcs_ED2022.pdf,2,,"2,700",en,low,Estimate (marked e by the publisher)
EX37,Thailand,country,,total_REO,concentrate,production_volume,contained_REO,FY2020,FY,2020-12-31,3600.0,1,3600.0,tonnes,none,not_applicable,as_reported,,True,statistics,usgs_mcs_ED2022.pdf,2,,"3,600",en,high,
EX38,Thailand,country,,total_REO,concentrate,production_volume,contained_REO,FY2021,FY,2021-12-31,8000.0,1,8000.0,tonnes,none,not_applicable,as_reported,,False,statistics,usgs_mcs_ED2022.pdf,2,,"8,000",en,low,Estimate (marked e by the publisher)
EX39,Vietnam,country,,total_REO,concentrate,production_volume,contained_REO,FY2020,FY,2020-12-31,700.0,1,700.0,tonnes,none,not_applicable,as_reported,,True,statistics,usgs_mcs_ED2022.pdf,2,,700,en,high,
EX40,Vietnam,country,,total_REO,concentrate,production_volume,contained_REO,FY2021,FY,2021-12-31,400.0,1,400.0,tonnes,none,not_applicable,as_reported,,False,statistics,usgs_mcs_ED2022.pdf,2,,400,en,low,Estimate (marked e by the publisher)
EX41,World,world,,total_REO,concentrate,production_volume,contained_REO,FY2020,FY,2020-12-31,240000.0,1,240000.0,tonnes,none,not_applicable,as_reported,,True,statistics,usgs_mcs_ED2022.pdf,2,,"240,000",en,high,"USGS world total, rounded"
EX42,World,world,,total_REO,concentrate,production_volume,contained_REO,FY2021,FY,2021-12-31,280000.0,1,280000.0,tonnes,none,not_applicable,as_reported,,False,statistics,usgs_mcs_ED2022.pdf,2,,"280,000",en,low,"USGS world total, rounded; Estimate (marked e by the publisher)"
EX01,United States,country,,total_REO,concentrate,production_volume,contained_REO,FY2018,FY,2018-12-31,14000.0,1,14000.0,tonnes,none,not_applicable,as_reported,,True,statistics,usgs_mcs_ED2023.pdf,1,,"14,000",en,low,"USGS: US mine production, REO equivalent. Includes producers other than Mountain Pass (monazite in the southeastern US; Utah compounds per the 2026 edition); Estimate (marked e by the publisher)"
EX02,United States,country,,total_REO,concentrate,production_volume,contained_REO,FY2019,FY,2019-12-31,28000.0,1,28000.0,tonnes,none,not_applicable,as_reported,,True,statistics,usgs_mcs_ED2023.pdf,1,,"28,000",en,low,"USGS: US mine production, REO equivalent. Includes producers other than Mountain Pass (monazite in the southeastern US; Utah compounds per the 2026 edition); Estimate (marked e by the publisher)"
EX03,United States,country,,total_REO,concentrate,production_volume,contained_REO,FY2020,FY,2020-12-31,39000.0,1,39000.0,tonnes,none,not_applicable,as_reported,,True,statistics,usgs_mcs_ED2023.pdf,1,,"39,000",en,low,"USGS: US mine production, REO equivalent. Includes producers other than Mountain Pass (monazite in the southeastern US; Utah compounds per the 2026 edition); Estimate (marked e by the publisher)"
EX04,United States,country,,total_REO,concentrate,production_volume,contained_REO,FY2021,FY,2021-12-31,42000.0,1,42000.0,tonnes,none,not_applicable,as_reported,,True,statistics,usgs_mcs_ED2023.pdf,1,,"42,000",en,low,"USGS: US mine production, REO equivalent. Includes producers other than Mountain Pass (monazite in the southeastern US; Utah compounds per the 2026 edition); Estimate (marked e by the publisher)"
EX05,United States,country,,total_REO,concentrate,production_volume,contained_REO,FY2022,FY,2022-12-31,43000.0,1,43000.0,tonnes,none,not_applicable,as_reported,,False,statistics,usgs_mcs_ED2023.pdf,1,,"43,000",en,low,"USGS: US mine production, REO equivalent. Includes producers other than Mountain Pass (monazite in the southeastern US; Utah compounds per the 2026 edition); Estimate (marked e by the publisher)"
EX06,Rare earth market (USGS),market,,Dy,oxide,market_price,gross_weight,FY2018,FY,2018-12-31,179.0,1,179.0,USD_per_kg,USD,market,as_reported,,True,statistics,usgs_mcs_ED2023.pdf,1,,179,en,high,"USGS average price, dollars per kilogram of oxide; price source named in each edition's footnote"
EX07,Rare earth market (USGS),market,,Dy,oxide,market_price,gross_weight,FY2019,FY,2019-12-31,239.0,1,239.0,USD_per_kg,USD,market,as_reported,,True,statistics,usgs_mcs_ED2023.pdf,1,,239,en,high,"USGS average price, dollars per kilogram of oxide; price source named in each edition's footnote"
EX08,Rare earth market (USGS),market,,Dy,oxide,market_price,gross_weight,FY2020,FY,2020-12-31,261.0,1,261.0,USD_per_kg,USD,market,as_reported,,True,statistics,usgs_mcs_ED2023.pdf,1,,261,en,high,"USGS average price, dollars per kilogram of oxide; price source named in each edition's footnote"
EX09,Rare earth market (USGS),market,,Dy,oxide,market_price,gross_weight,FY2021,FY,2021-12-31,400.0,1,400.0,USD_per_kg,USD,market,as_reported,,True,statistics,usgs_mcs_ED2023.pdf,1,,400,en,high,"USGS average price, dollars per kilogram of oxide; price source named in each edition's footnote"
EX10,Rare earth market (USGS),market,,Dy,oxide,market_price,gross_weight,FY2022,FY,2022-12-31,390.0,1,390.0,USD_per_kg,USD,market,as_reported,,False,statistics,usgs_mcs_ED2023.pdf,1,,390,en,low,"USGS average price, dollars per kilogram of oxide; price source named in each edition's footnote; Estimate (marked e by the publisher)"
EX11,Rare earth market (USGS),market,,Nd,oxide,market_price,gross_weight,FY2018,FY,2018-12-31,50.0,1,50.0,USD_per_kg,USD,market,as_reported,,True,statistics,usgs_mcs_ED2023.pdf,1,,50,en,high,"USGS average price, dollars per kilogram of oxide; price source named in each edition's footnote"
EX12,Rare earth market (USGS),market,,Nd,oxide,market_price,gross_weight,FY2019,FY,2019-12-31,45.0,1,45.0,USD_per_kg,USD,market,as_reported,,True,statistics,usgs_mcs_ED2023.pdf,1,,45,en,high,"USGS average price, dollars per kilogram of oxide; price source named in each edition's footnote"
EX13,Rare earth market (USGS),market,,Nd,oxide,market_price,gross_weight,FY2020,FY,2020-12-31,49.0,1,49.0,USD_per_kg,USD,market,as_reported,,True,statistics,usgs_mcs_ED2023.pdf,1,,49,en,high,"USGS average price, dollars per kilogram of oxide; price source named in each edition's footnote"
EX14,Rare earth market (USGS),market,,Nd,oxide,market_price,gross_weight,FY2021,FY,2021-12-31,49.0,1,49.0,USD_per_kg,USD,market,as_reported,,True,statistics,usgs_mcs_ED2023.pdf,1,,49,en,high,"USGS average price, dollars per kilogram of oxide; price source named in each edition's footnote"
EX15,Rare earth market (USGS),market,,Nd,oxide,market_price,gross_weight,FY2022,FY,2022-12-31,130.0,1,130.0,USD_per_kg,USD,market,as_reported,,False,statistics,usgs_mcs_ED2023.pdf,1,,130,en,low,"USGS average price, dollars per kilogram of oxide; price source named in each edition's footnote; Estimate (marked e by the publisher)"
EX16,Rare earth market (USGS),market,,Tb,oxide,market_price,gross_weight,FY2018,FY,2018-12-31,455.0,1,455.0,USD_per_kg,USD,market,as_reported,,True,statistics,usgs_mcs_ED2023.pdf,1,,455,en,high,"USGS average price, dollars per kilogram of oxide; price source named in each edition's footnote"
EX17,Rare earth market (USGS),market,,Tb,oxide,market_price,gross_weight,FY2019,FY,2019-12-31,507.0,1,507.0,USD_per_kg,USD,market,as_reported,,True,statistics,usgs_mcs_ED2023.pdf,1,,507,en,high,"USGS average price, dollars per kilogram of oxide; price source named in each edition's footnote"
EX18,Rare earth market (USGS),market,,Tb,oxide,market_price,gross_weight,FY2020,FY,2020-12-31,670.0,1,670.0,USD_per_kg,USD,market,as_reported,,True,statistics,usgs_mcs_ED2023.pdf,1,,670,en,high,"USGS average price, dollars per kilogram of oxide; price source named in each edition's footnote"
EX19,Rare earth market (USGS),market,,Tb,oxide,market_price,gross_weight,FY2021,FY,2021-12-31,1300.0,1,1300.0,USD_per_kg,USD,market,as_reported,,True,statistics,usgs_mcs_ED2023.pdf,1,,"1,300",en,high,"USGS average price, dollars per kilogram of oxide; price source named in each edition's footnote"
EX20,Rare earth market (USGS),market,,Tb,oxide,market_price,gross_weight,FY2022,FY,2022-12-31,2000.0,1,2000.0,USD_per_kg,USD,market,as_reported,,False,statistics,usgs_mcs_ED2023.pdf,1,,"2,000",en,low,"USGS average price, dollars per kilogram of oxide; price source named in each edition's footnote; Estimate (marked e by the publisher)"
EX21,United States,country,,total_REO,concentrate,production_volume,contained_REO,FY2021,FY,2021-12-31,42000.0,1,42000.0,tonnes,none,not_applicable,as_reported,,True,statistics,usgs_mcs_ED2023.pdf,2,,"42,000",en,high,"USGS: US mine production, REO equivalent. Includes producers other than Mountain Pass (monazite in the southeastern US; Utah compounds per the 2026 edition)"
EX22,United States,country,,total_REO,concentrate,production_volume,contained_REO,FY2022,FY,2022-12-31,43000.0,1,43000.0,tonnes,none,not_applicable,as_reported,,False,statistics,usgs_mcs_ED2023.pdf,2,,"43,000",en,low,"USGS: US mine production, REO equivalent. Includes producers other than Mountain Pass (monazite in the southeastern US; Utah compounds per the 2026 edition); Estimate (marked e by the publisher)"
EX23,Australia,country,,total_REO,concentrate,production_volume,contained_REO,FY2021,FY,2021-12-31,24000.0,1,24000.0,tonnes,none,not_applicable,as_reported,,True,statistics,usgs_mcs_ED2023.pdf,2,,"24,000",en,low,Estimate (marked e by the publisher)
EX24,Australia,country,,total_REO,concentrate,production_volume,contained_REO,FY2022,FY,2022-12-31,18000.0,1,18000.0,tonnes,none,not_applicable,as_reported,,False,statistics,usgs_mcs_ED2023.pdf,2,,"18,000",en,low,Estimate (marked e by the publisher)
EX25,Brazil,country,,total_REO,concentrate,production_volume,contained_REO,FY2021,FY,2021-12-31,500.0,1,500.0,tonnes,none,not_applicable,as_reported,,True,statistics,usgs_mcs_ED2023.pdf,2,,500,en,low,Estimate (marked e by the publisher)
EX26,Brazil,country,,total_REO,concentrate,production_volume,contained_REO,FY2022,FY,2022-12-31,80.0,1,80.0,tonnes,none,not_applicable,as_reported,,False,statistics,usgs_mcs_ED2023.pdf,2,,80,en,low,Estimate (marked e by the publisher)
EX27,Burma,country,,total_REO,concentrate,production_volume,contained_REO,FY2021,FY,2021-12-31,35000.0,1,35000.0,tonnes,none,not_applicable,as_reported,,True,statistics,usgs_mcs_ED2023.pdf,2,,"35,000",en,low,Estimate (marked e by the publisher)
EX28,Burma,country,,total_REO,concentrate,production_volume,contained_REO,FY2022,FY,2022-12-31,12000.0,1,12000.0,tonnes,none,not_applicable,as_reported,,False,statistics,usgs_mcs_ED2023.pdf,2,,"12,000",en,low,Estimate (marked e by the publisher)
EX29,China,country,,total_REO,concentrate,production_volume,contained_REO,FY2021,FY,2021-12-31,168000.0,1,168000.0,tonnes,none,not_applicable,as_reported,,True,statistics,usgs_mcs_ED2023.pdf,2,,"168,000",en,high,Production quota; does not include undocumented production (USGS footnote)
EX30,China,country,,total_REO,concentrate,production_volume,contained_REO,FY2022,FY,2022-12-31,210000.0,1,210000.0,tonnes,none,not_applicable,as_reported,,False,statistics,usgs_mcs_ED2023.pdf,2,,"210,000",en,low,Production quota; does not include undocumented production (USGS footnote); Estimate (marked e by the publisher)
EX31,India,country,,total_REO,concentrate,production_volume,contained_REO,FY2021,FY,2021-12-31,2900.0,1,2900.0,tonnes,none,not_applicable,as_reported,,True,statistics,usgs_mcs_ED2023.pdf,2,,"2,900",en,low,Estimate (marked e by the publisher)
EX32,India,country,,total_REO,concentrate,production_volume,contained_REO,FY2022,FY,2022-12-31,2900.0,1,2900.0,tonnes,none,not_applicable,as_reported,,False,statistics,usgs_mcs_ED2023.pdf,2,,"2,900",en,low,Estimate (marked e by the publisher)
EX33,Madagascar,country,,total_REO,concentrate,production_volume,contained_REO,FY2021,FY,2021-12-31,6800.0,1,6800.0,tonnes,none,not_applicable,as_reported,,True,statistics,usgs_mcs_ED2023.pdf,2,,"6,800",en,low,Estimate (marked e by the publisher)
EX34,Madagascar,country,,total_REO,concentrate,production_volume,contained_REO,FY2022,FY,2022-12-31,960.0,1,960.0,tonnes,none,not_applicable,as_reported,,False,statistics,usgs_mcs_ED2023.pdf,2,,960,en,low,Estimate (marked e by the publisher)
EX35,Russia,country,,total_REO,concentrate,production_volume,contained_REO,FY2021,FY,2021-12-31,2600.0,1,2600.0,tonnes,none,not_applicable,as_reported,,True,statistics,usgs_mcs_ED2023.pdf,2,,"2,600",en,low,Estimate (marked e by the publisher)
EX36,Russia,country,,total_REO,concentrate,production_volume,contained_REO,FY2022,FY,2022-12-31,2600.0,1,2600.0,tonnes,none,not_applicable,as_reported,,False,statistics,usgs_mcs_ED2023.pdf,2,,"2,600",en,low,Estimate (marked e by the publisher)
EX37,Thailand,country,,total_REO,concentrate,production_volume,contained_REO,FY2021,FY,2021-12-31,8200.0,1,8200.0,tonnes,none,not_applicable,as_reported,,True,statistics,usgs_mcs_ED2023.pdf,2,,"8,200",en,low,Estimate (marked e by the publisher)
EX38,Thailand,country,,total_REO,concentrate,production_volume,contained_REO,FY2022,FY,2022-12-31,7100.0,1,7100.0,tonnes,none,not_applicable,as_reported,,False,statistics,usgs_mcs_ED2023.pdf,2,,"7,100",en,low,Estimate (marked e by the publisher)
EX39,Vietnam,country,,total_REO,concentrate,production_volume,contained_REO,FY2021,FY,2021-12-31,400.0,1,400.0,tonnes,none,not_applicable,as_reported,,True,statistics,usgs_mcs_ED2023.pdf,2,,400,en,high,
EX40,Vietnam,country,,total_REO,concentrate,production_volume,contained_REO,FY2022,FY,2022-12-31,4300.0,1,4300.0,tonnes,none,not_applicable,as_reported,,False,statistics,usgs_mcs_ED2023.pdf,2,,"4,300",en,low,Estimate (marked e by the publisher)
EX41,World,world,,total_REO,concentrate,production_volume,contained_REO,FY2021,FY,2021-12-31,290000.0,1,290000.0,tonnes,none,not_applicable,as_reported,,True,statistics,usgs_mcs_ED2023.pdf,2,,"290,000",en,high,"USGS world total, rounded"
EX42,World,world,,total_REO,concentrate,production_volume,contained_REO,FY2022,FY,2022-12-31,300000.0,1,300000.0,tonnes,none,not_applicable,as_reported,,False,statistics,usgs_mcs_ED2023.pdf,2,,"300,000",en,low,"USGS world total, rounded; Estimate (marked e by the publisher)"
EX01,United States,country,,total_REO,concentrate,production_volume,contained_REO,FY2019,FY,2019-12-31,28000.0,1,28000.0,tonnes,none,not_applicable,as_reported,,True,statistics,usgs_mcs_ED2024.pdf,1,144.0,"28,000",en,low,"USGS: US mine production, REO equivalent. Includes producers other than Mountain Pass (monazite in the southeastern US; Utah compounds per the 2026 edition); Estimate (marked e by the publisher)"
EX02,United States,country,,total_REO,concentrate,production_volume,contained_REO,FY2020,FY,2020-12-31,39000.0,1,39000.0,tonnes,none,not_applicable,as_reported,,True,statistics,usgs_mcs_ED2024.pdf,1,144.0,"39,000",en,low,"USGS: US mine production, REO equivalent. Includes producers other than Mountain Pass (monazite in the southeastern US; Utah compounds per the 2026 edition); Estimate (marked e by the publisher)"
EX03,United States,country,,total_REO,concentrate,production_volume,contained_REO,FY2021,FY,2021-12-31,42000.0,1,42000.0,tonnes,none,not_applicable,as_reported,,True,statistics,usgs_mcs_ED2024.pdf,1,144.0,"42,000",en,low,"USGS: US mine production, REO equivalent. Includes producers other than Mountain Pass (monazite in the southeastern US; Utah compounds per the 2026 edition); Estimate (marked e by the publisher)"
EX04,United States,country,,total_REO,concentrate,production_volume,contained_REO,FY2022,FY,2022-12-31,42000.0,1,42000.0,tonnes,none,not_applicable,as_reported,,True,statistics,usgs_mcs_ED2024.pdf,1,144.0,"42,000",en,low,"USGS: US mine production, REO equivalent. Includes producers other than Mountain Pass (monazite in the southeastern US; Utah compounds per the 2026 edition); Estimate (marked e by the publisher)"
EX05,United States,country,,total_REO,concentrate,production_volume,contained_REO,FY2023,FY,2023-12-31,43000.0,1,43000.0,tonnes,none,not_applicable,as_reported,,False,statistics,usgs_mcs_ED2024.pdf,1,144.0,"43,000",en,low,"USGS: US mine production, REO equivalent. Includes producers other than Mountain Pass (monazite in the southeastern US; Utah compounds per the 2026 edition); Estimate (marked e by the publisher)"
EX06,Rare earth market (USGS),market,,Dy,oxide,market_price,gross_weight,FY2019,FY,2019-12-31,239.0,1,239.0,USD_per_kg,USD,market,as_reported,,True,statistics,usgs_mcs_ED2024.pdf,1,144.0,239,en,high,"USGS average price, dollars per kilogram of oxide; price source named in each edition's footnote"
EX07,Rare earth market (USGS),market,,Dy,oxide,market_price,gross_weight,FY2020,FY,2020-12-31,261.0,1,261.0,USD_per_kg,USD,market,as_reported,,True,statistics,usgs_mcs_ED2024.pdf,1,144.0,261,en,high,"USGS average price, dollars per kilogram of oxide; price source named in each edition's footnote"
EX08,Rare earth market (USGS),market,,Dy,oxide,market_price,gross_weight,FY2021,FY,2021-12-31,410.0,1,410.0,USD_per_kg,USD,market,as_reported,,True,statistics,usgs_mcs_ED2024.pdf,1,144.0,410,en,high,"USGS average price, dollars per kilogram of oxide; price source named in each edition's footnote"
EX09,Rare earth market (USGS),market,,Dy,oxide,market_price,gross_weight,FY2022,FY,2022-12-31,382.0,1,382.0,USD_per_kg,USD,market,as_reported,,True,statistics,usgs_mcs_ED2024.pdf,1,144.0,382,en,high,"USGS average price, dollars per kilogram of oxide; price source named in each edition's footnote"
EX10,Rare earth market (USGS),market,,Dy,oxide,market_price,gross_weight,FY2023,FY,2023-12-31,323.0,1,323.0,USD_per_kg,USD,market,as_reported,,False,statistics,usgs_mcs_ED2024.pdf,1,144.0,323,en,low,"USGS average price, dollars per kilogram of oxide; price source named in each edition's footnote; Estimate (marked e by the publisher)"
EX11,Rare earth market (USGS),market,,Nd,oxide,market_price,gross_weight,FY2019,FY,2019-12-31,45.0,1,45.0,USD_per_kg,USD,market,as_reported,,True,statistics,usgs_mcs_ED2024.pdf,1,144.0,45,en,high,"USGS average price, dollars per kilogram of oxide; price source named in each edition's footnote"
EX12,Rare earth market (USGS),market,,Nd,oxide,market_price,gross_weight,FY2020,FY,2020-12-31,49.0,1,49.0,USD_per_kg,USD,market,as_reported,,True,statistics,usgs_mcs_ED2024.pdf,1,144.0,49,en,high,"USGS average price, dollars per kilogram of oxide; price source named in each edition's footnote"
EX13,Rare earth market (USGS),market,,Nd,oxide,market_price,gross_weight,FY2021,FY,2021-12-31,98.0,1,98.0,USD_per_kg,USD,market,as_reported,,True,statistics,usgs_mcs_ED2024.pdf,1,144.0,98,en,high,"USGS average price, dollars per kilogram of oxide; price source named in each edition's footnote"
EX14,Rare earth market (USGS),market,,Nd,oxide,market_price,gross_weight,FY2022,FY,2022-12-31,134.0,1,134.0,USD_per_kg,USD,market,as_reported,,True,statistics,usgs_mcs_ED2024.pdf,1,144.0,134,en,high,"USGS average price, dollars per kilogram of oxide; price source named in each edition's footnote"
EX15,Rare earth market (USGS),market,,Nd,oxide,market_price,gross_weight,FY2023,FY,2023-12-31,80.0,1,80.0,USD_per_kg,USD,market,as_reported,,False,statistics,usgs_mcs_ED2024.pdf,1,144.0,80,en,low,"USGS average price, dollars per kilogram of oxide; price source named in each edition's footnote; Estimate (marked e by the publisher)"
EX16,Rare earth market (USGS),market,,Tb,oxide,market_price,gross_weight,FY2019,FY,2019-12-31,507.0,1,507.0,USD_per_kg,USD,market,as_reported,,True,statistics,usgs_mcs_ED2024.pdf,1,144.0,507,en,high,"USGS average price, dollars per kilogram of oxide; price source named in each edition's footnote"
EX17,Rare earth market (USGS),market,,Tb,oxide,market_price,gross_weight,FY2020,FY,2020-12-31,670.0,1,670.0,USD_per_kg,USD,market,as_reported,,True,statistics,usgs_mcs_ED2024.pdf,1,144.0,670,en,high,"USGS average price, dollars per kilogram of oxide; price source named in each edition's footnote"
EX18,Rare earth market (USGS),market,,Tb,oxide,market_price,gross_weight,FY2021,FY,2021-12-31,1346.0,1,1346.0,USD_per_kg,USD,market,as_reported,,True,statistics,usgs_mcs_ED2024.pdf,1,144.0,"1,346",en,high,"USGS average price, dollars per kilogram of oxide; price source named in each edition's footnote"
EX19,Rare earth market (USGS),market,,Tb,oxide,market_price,gross_weight,FY2022,FY,2022-12-31,2051.0,1,2051.0,USD_per_kg,USD,market,as_reported,,True,statistics,usgs_mcs_ED2024.pdf,1,144.0,"2,051",en,high,"USGS average price, dollars per kilogram of oxide; price source named in each edition's footnote"
EX20,Rare earth market (USGS),market,,Tb,oxide,market_price,gross_weight,FY2023,FY,2023-12-31,1300.0,1,1300.0,USD_per_kg,USD,market,as_reported,,False,statistics,usgs_mcs_ED2024.pdf,1,144.0,"1,300",en,low,"USGS average price, dollars per kilogram of oxide; price source named in each edition's footnote; Estimate (marked e by the publisher)"
EX21,United States,country,,total_REO,concentrate,production_volume,contained_REO,FY2022,FY,2022-12-31,42000.0,1,42000.0,tonnes,none,not_applicable,as_reported,,True,statistics,usgs_mcs_ED2024.pdf,2,145.0,"42,000",en,low,"USGS: US mine production, REO equivalent. Includes producers other than Mountain Pass (monazite in the southeastern US; Utah compounds per the 2026 edition); Estimate (marked e by the publisher)"
EX22,United States,country,,total_REO,concentrate,production_volume,contained_REO,FY2023,FY,2023-12-31,43000.0,1,43000.0,tonnes,none,not_applicable,as_reported,,False,statistics,usgs_mcs_ED2024.pdf,2,145.0,"43,000",en,low,"USGS: US mine production, REO equivalent. Includes producers other than Mountain Pass (monazite in the southeastern US; Utah compounds per the 2026 edition); Estimate (marked e by the publisher)"
EX23,Australia,country,,total_REO,concentrate,production_volume,contained_REO,FY2022,FY,2022-12-31,18000.0,1,18000.0,tonnes,none,not_applicable,as_reported,,True,statistics,usgs_mcs_ED2024.pdf,2,145.0,"18,000",en,low,Estimate (marked e by the publisher)
EX24,Australia,country,,total_REO,concentrate,production_volume,contained_REO,FY2023,FY,2023-12-31,18000.0,1,18000.0,tonnes,none,not_applicable,as_reported,,False,statistics,usgs_mcs_ED2024.pdf,2,145.0,"18,000",en,low,Estimate (marked e by the publisher)
EX25,Brazil,country,,total_REO,concentrate,production_volume,contained_REO,FY2022,FY,2022-12-31,80.0,1,80.0,tonnes,none,not_applicable,as_reported,,True,statistics,usgs_mcs_ED2024.pdf,2,145.0,80,en,low,Estimate (marked e by the publisher)
EX26,Brazil,country,,total_REO,concentrate,production_volume,contained_REO,FY2023,FY,2023-12-31,80.0,1,80.0,tonnes,none,not_applicable,as_reported,,False,statistics,usgs_mcs_ED2024.pdf,2,145.0,80,en,low,Estimate (marked e by the publisher)
EX27,Burma,country,,total_REO,concentrate,production_volume,contained_REO,FY2022,FY,2022-12-31,12000.0,1,12000.0,tonnes,none,not_applicable,as_reported,,True,statistics,usgs_mcs_ED2024.pdf,2,145.0,"12,000",en,low,Estimate (marked e by the publisher)
EX28,Burma,country,,total_REO,concentrate,production_volume,contained_REO,FY2023,FY,2023-12-31,38000.0,1,38000.0,tonnes,none,not_applicable,as_reported,,False,statistics,usgs_mcs_ED2024.pdf,2,145.0,"38,000",en,low,Estimate (marked e by the publisher)
EX29,China,country,,total_REO,concentrate,production_volume,contained_REO,FY2022,FY,2022-12-31,210000.0,1,210000.0,tonnes,none,not_applicable,as_reported,,True,statistics,usgs_mcs_ED2024.pdf,2,145.0,"210,000",en,low,Production quota; does not include undocumented production (USGS footnote); Estimate (marked e by the publisher)
EX30,China,country,,total_REO,concentrate,production_volume,contained_REO,FY2023,FY,2023-12-31,240000.0,1,240000.0,tonnes,none,not_applicable,as_reported,,False,statistics,usgs_mcs_ED2024.pdf,2,145.0,"240,000",en,low,Production quota; does not include undocumented production (USGS footnote); Estimate (marked e by the publisher)
EX31,India,country,,total_REO,concentrate,production_volume,contained_REO,FY2022,FY,2022-12-31,2900.0,1,2900.0,tonnes,none,not_applicable,as_reported,,True,statistics,usgs_mcs_ED2024.pdf,2,145.0,"2,900",en,low,Estimate (marked e by the publisher)
EX32,India,country,,total_REO,concentrate,production_volume,contained_REO,FY2023,FY,2023-12-31,2900.0,1,2900.0,tonnes,none,not_applicable,as_reported,,False,statistics,usgs_mcs_ED2024.pdf,2,145.0,"2,900",en,low,Estimate (marked e by the publisher)
EX33,Madagascar,country,,total_REO,concentrate,production_volume,contained_REO,FY2022,FY,2022-12-31,960.0,1,960.0,tonnes,none,not_applicable,as_reported,,True,statistics,usgs_mcs_ED2024.pdf,2,145.0,960,en,low,Estimate (marked e by the publisher)
EX34,Madagascar,country,,total_REO,concentrate,production_volume,contained_REO,FY2023,FY,2023-12-31,960.0,1,960.0,tonnes,none,not_applicable,as_reported,,False,statistics,usgs_mcs_ED2024.pdf,2,145.0,960,en,low,Estimate (marked e by the publisher)
EX35,Malaysia,country,,total_REO,concentrate,production_volume,contained_REO,FY2022,FY,2022-12-31,80.0,1,80.0,tonnes,none,not_applicable,as_reported,,True,statistics,usgs_mcs_ED2024.pdf,2,145.0,80,en,low,Estimate (marked e by the publisher)
EX36,Malaysia,country,,total_REO,concentrate,production_volume,contained_REO,FY2023,FY,2023-12-31,80.0,1,80.0,tonnes,none,not_applicable,as_reported,,False,statistics,usgs_mcs_ED2024.pdf,2,145.0,80,en,low,Estimate (marked e by the publisher)
EX37,Russia,country,,total_REO,concentrate,production_volume,contained_REO,FY2022,FY,2022-12-31,2600.0,1,2600.0,tonnes,none,not_applicable,as_reported,,True,statistics,usgs_mcs_ED2024.pdf,2,145.0,"2,600",en,low,Estimate (marked e by the publisher)
EX38,Russia,country,,total_REO,concentrate,production_volume,contained_REO,FY2023,FY,2023-12-31,2600.0,1,2600.0,tonnes,none,not_applicable,as_reported,,False,statistics,usgs_mcs_ED2024.pdf,2,145.0,"2,600",en,low,Estimate (marked e by the publisher)
EX39,Thailand,country,,total_REO,concentrate,production_volume,contained_REO,FY2022,FY,2022-12-31,7100.0,1,7100.0,tonnes,none,not_applicable,as_reported,,True,statistics,usgs_mcs_ED2024.pdf,2,145.0,"7,100",en,low,Estimate (marked e by the publisher)
EX40,Thailand,country,,total_REO,concentrate,production_volume,contained_REO,FY2023,FY,2023-12-31,7100.0,1,7100.0,tonnes,none,not_applicable,as_reported,,False,statistics,usgs_mcs_ED2024.pdf,2,145.0,"7,100",en,low,Estimate (marked e by the publisher)
EX41,Vietnam,country,,total_REO,concentrate,production_volume,contained_REO,FY2022,FY,2022-12-31,1200.0,1,1200.0,tonnes,none,not_applicable,as_reported,,True,statistics,usgs_mcs_ED2024.pdf,2,145.0,"1,200",en,low,Estimate (marked e by the publisher)
EX42,Vietnam,country,,total_REO,concentrate,production_volume,contained_REO,FY2023,FY,2023-12-31,600.0,1,600.0,tonnes,none,not_applicable,as_reported,,False,statistics,usgs_mcs_ED2024.pdf,2,145.0,600,en,low,Estimate (marked e by the publisher)
EX43,World,world,,total_REO,concentrate,production_volume,contained_REO,FY2022,FY,2022-12-31,300000.0,1,300000.0,tonnes,none,not_applicable,as_reported,,True,statistics,usgs_mcs_ED2024.pdf,2,145.0,"300,000",en,low,"USGS world total, rounded; Estimate (marked e by the publisher)"
EX44,World,world,,total_REO,concentrate,production_volume,contained_REO,FY2023,FY,2023-12-31,350000.0,1,350000.0,tonnes,none,not_applicable,as_reported,,False,statistics,usgs_mcs_ED2024.pdf,2,145.0,"350,000",en,low,"USGS world total, rounded; Estimate (marked e by the publisher)"
EX01,United States,country,,total_REO,concentrate,production_volume,contained_REO,FY2020,FY,2020-12-31,39000.0,1,39000.0,tonnes,none,not_applicable,as_reported,,True,statistics,usgs_mcs_ED2025.pdf,1,144.0,"39,000",en,low,"USGS: US mine production, REO equivalent. Includes producers other than Mountain Pass (monazite in the southeastern US; Utah compounds per the 2026 edition); Estimate (marked e by the publisher)"
EX02,United States,country,,total_REO,concentrate,production_volume,contained_REO,FY2021,FY,2021-12-31,42400.0,1,42400.0,tonnes,none,not_applicable,as_reported,,True,statistics,usgs_mcs_ED2025.pdf,1,144.0,"42,400",en,low,"USGS: US mine production, REO equivalent. Includes producers other than Mountain Pass (monazite in the southeastern US; Utah compounds per the 2026 edition); Estimate (marked e by the publisher)"
EX03,United States,country,,total_REO,concentrate,production_volume,contained_REO,FY2022,FY,2022-12-31,42500.0,1,42500.0,tonnes,none,not_applicable,as_reported,,True,statistics,usgs_mcs_ED2025.pdf,1,144.0,"42,500",en,low,"USGS: US mine production, REO equivalent. Includes producers other than Mountain Pass (monazite in the southeastern US; Utah compounds per the 2026 edition); Estimate (marked e by the publisher)"
EX04,United States,country,,total_REO,concentrate,production_volume,contained_REO,FY2023,FY,2023-12-31,41600.0,1,41600.0,tonnes,none,not_applicable,as_reported,,True,statistics,usgs_mcs_ED2025.pdf,1,144.0,"41,600",en,low,"USGS: US mine production, REO equivalent. Includes producers other than Mountain Pass (monazite in the southeastern US; Utah compounds per the 2026 edition); Estimate (marked e by the publisher)"
EX05,United States,country,,total_REO,concentrate,production_volume,contained_REO,FY2024,FY,2024-12-31,45000.0,1,45000.0,tonnes,none,not_applicable,as_reported,,False,statistics,usgs_mcs_ED2025.pdf,1,144.0,"45,000",en,low,"USGS: US mine production, REO equivalent. Includes producers other than Mountain Pass (monazite in the southeastern US; Utah compounds per the 2026 edition); Estimate (marked e by the publisher)"
EX06,Rare earth market (USGS),market,,Dy,oxide,market_price,gross_weight,FY2020,FY,2020-12-31,261.0,1,261.0,USD_per_kg,USD,market,as_reported,,True,statistics,usgs_mcs_ED2025.pdf,1,144.0,261,en,high,"USGS average price, dollars per kilogram of oxide; price source named in each edition's footnote"
EX07,Rare earth market (USGS),market,,Dy,oxide,market_price,gross_weight,FY2021,FY,2021-12-31,410.0,1,410.0,USD_per_kg,USD,market,as_reported,,True,statistics,usgs_mcs_ED2025.pdf,1,144.0,410,en,high,"USGS average price, dollars per kilogram of oxide; price source named in each edition's footnote"
EX08,Rare earth market (USGS),market,,Dy,oxide,market_price,gross_weight,FY2022,FY,2022-12-31,382.0,1,382.0,USD_per_kg,USD,market,as_reported,,True,statistics,usgs_mcs_ED2025.pdf,1,144.0,382,en,high,"USGS average price, dollars per kilogram of oxide; price source named in each edition's footnote"
EX09,Rare earth market (USGS),market,,Dy,oxide,market_price,gross_weight,FY2023,FY,2023-12-31,330.0,1,330.0,USD_per_kg,USD,market,as_reported,,True,statistics,usgs_mcs_ED2025.pdf,1,144.0,330,en,high,"USGS average price, dollars per kilogram of oxide; price source named in each edition's footnote"
EX10,Rare earth market (USGS),market,,Dy,oxide,market_price,gross_weight,FY2024,FY,2024-12-31,260.0,1,260.0,USD_per_kg,USD,market,as_reported,,False,statistics,usgs_mcs_ED2025.pdf,1,144.0,260,en,low,"USGS average price, dollars per kilogram of oxide; price source named in each edition's footnote; Estimate (marked e by the publisher)"
EX11,Rare earth market (USGS),market,,Nd,oxide,market_price,gross_weight,FY2020,FY,2020-12-31,49.0,1,49.0,USD_per_kg,USD,market,as_reported,,True,statistics,usgs_mcs_ED2025.pdf,1,144.0,49,en,high,"USGS average price, dollars per kilogram of oxide; price source named in each edition's footnote"
EX12,Rare earth market (USGS),market,,Nd,oxide,market_price,gross_weight,FY2021,FY,2021-12-31,98.0,1,98.0,USD_per_kg,USD,market,as_reported,,True,statistics,usgs_mcs_ED2025.pdf,1,144.0,98,en,high,"USGS average price, dollars per kilogram of oxide; price source named in each edition's footnote"
EX13,Rare earth market (USGS),market,,Nd,oxide,market_price,gross_weight,FY2022,FY,2022-12-31,134.0,1,134.0,USD_per_kg,USD,market,as_reported,,True,statistics,usgs_mcs_ED2025.pdf,1,144.0,134,en,high,"USGS average price, dollars per kilogram of oxide; price source named in each edition's footnote"
EX14,Rare earth market (USGS),market,,Nd,oxide,market_price,gross_weight,FY2023,FY,2023-12-31,78.0,1,78.0,USD_per_kg,USD,market,as_reported,,True,statistics,usgs_mcs_ED2025.pdf,1,144.0,78,en,high,"USGS average price, dollars per kilogram of oxide; price source named in each edition's footnote"
EX15,Rare earth market (USGS),market,,Nd,oxide,market_price,gross_weight,FY2024,FY,2024-12-31,56.0,1,56.0,USD_per_kg,USD,market,as_reported,,False,statistics,usgs_mcs_ED2025.pdf,1,144.0,56,en,low,"USGS average price, dollars per kilogram of oxide; price source named in each edition's footnote; Estimate (marked e by the publisher)"
EX16,Rare earth market (USGS),market,,Tb,oxide,market_price,gross_weight,FY2020,FY,2020-12-31,670.0,1,670.0,USD_per_kg,USD,market,as_reported,,True,statistics,usgs_mcs_ED2025.pdf,1,144.0,670,en,high,"USGS average price, dollars per kilogram of oxide; price source named in each edition's footnote"
EX17,Rare earth market (USGS),market,,Tb,oxide,market_price,gross_weight,FY2021,FY,2021-12-31,1346.0,1,1346.0,USD_per_kg,USD,market,as_reported,,True,statistics,usgs_mcs_ED2025.pdf,1,144.0,"1,346",en,high,"USGS average price, dollars per kilogram of oxide; price source named in each edition's footnote"
EX18,Rare earth market (USGS),market,,Tb,oxide,market_price,gross_weight,FY2022,FY,2022-12-31,2051.0,1,2051.0,USD_per_kg,USD,market,as_reported,,True,statistics,usgs_mcs_ED2025.pdf,1,144.0,"2,051",en,high,"USGS average price, dollars per kilogram of oxide; price source named in each edition's footnote"
EX19,Rare earth market (USGS),market,,Tb,oxide,market_price,gross_weight,FY2023,FY,2023-12-31,1298.0,1,1298.0,USD_per_kg,USD,market,as_reported,,True,statistics,usgs_mcs_ED2025.pdf,1,144.0,"1,298",en,high,"USGS average price, dollars per kilogram of oxide; price source named in each edition's footnote"
EX20,Rare earth market (USGS),market,,Tb,oxide,market_price,gross_weight,FY2024,FY,2024-12-31,810.0,1,810.0,USD_per_kg,USD,market,as_reported,,False,statistics,usgs_mcs_ED2025.pdf,1,144.0,810,en,low,"USGS average price, dollars per kilogram of oxide; price source named in each edition's footnote; Estimate (marked e by the publisher)"
EX21,United States,country,,total_REO,concentrate,production_volume,contained_REO,FY2023,FY,2023-12-31,41600.0,1,41600.0,tonnes,none,not_applicable,as_reported,,True,statistics,usgs_mcs_ED2025.pdf,2,145.0,"41,600",en,low,"USGS: US mine production, REO equivalent. Includes producers other than Mountain Pass (monazite in the southeastern US; Utah compounds per the 2026 edition); Estimate (marked e by the publisher)"
EX22,United States,country,,total_REO,concentrate,production_volume,contained_REO,FY2024,FY,2024-12-31,45000.0,1,45000.0,tonnes,none,not_applicable,as_reported,,False,statistics,usgs_mcs_ED2025.pdf,2,145.0,"45,000",en,low,"USGS: US mine production, REO equivalent. Includes producers other than Mountain Pass (monazite in the southeastern US; Utah compounds per the 2026 edition); Estimate (marked e by the publisher)"
EX23,Australia,country,,total_REO,concentrate,production_volume,contained_REO,FY2023,FY,2023-12-31,16000.0,1,16000.0,tonnes,none,not_applicable,as_reported,,True,statistics,usgs_mcs_ED2025.pdf,2,145.0,"16,000",en,low,Estimate (marked e by the publisher)
EX24,Australia,country,,total_REO,concentrate,production_volume,contained_REO,FY2024,FY,2024-12-31,13000.0,1,13000.0,tonnes,none,not_applicable,as_reported,,False,statistics,usgs_mcs_ED2025.pdf,2,145.0,"13,000",en,low,Estimate (marked e by the publisher)
EX25,Brazil,country,,total_REO,concentrate,production_volume,contained_REO,FY2023,FY,2023-12-31,140.0,1,140.0,tonnes,none,not_applicable,as_reported,,True,statistics,usgs_mcs_ED2025.pdf,2,145.0,140,en,low,Estimate (marked e by the publisher)
EX26,Brazil,country,,total_REO,concentrate,production_volume,contained_REO,FY2024,FY,2024-12-31,20.0,1,20.0,tonnes,none,not_applicable,as_reported,,False,statistics,usgs_mcs_ED2025.pdf,2,145.0,20,en,low,Estimate (marked e by the publisher)
EX27,Burma,country,,total_REO,concentrate,production_volume,contained_REO,FY2023,FY,2023-12-31,43000.0,1,43000.0,tonnes,none,not_applicable,as_reported,,True,statistics,usgs_mcs_ED2025.pdf,2,145.0,"43,000",en,low,Estimate (marked e by the publisher)
EX28,Burma,country,,total_REO,concentrate,production_volume,contained_REO,FY2024,FY,2024-12-31,31000.0,1,31000.0,tonnes,none,not_applicable,as_reported,,False,statistics,usgs_mcs_ED2025.pdf,2,145.0,"31,000",en,low,Estimate (marked e by the publisher)
EX29,China,country,,total_REO,concentrate,production_volume,contained_REO,FY2023,FY,2023-12-31,255000.0,1,255000.0,tonnes,none,not_applicable,as_reported,,True,statistics,usgs_mcs_ED2025.pdf,2,145.0,"255,000",en,low,Production quota; does not include undocumented production (USGS footnote); Estimate (marked e by the publisher)
EX30,China,country,,total_REO,concentrate,production_volume,contained_REO,FY2024,FY,2024-12-31,270000.0,1,270000.0,tonnes,none,not_applicable,as_reported,,False,statistics,usgs_mcs_ED2025.pdf,2,145.0,"270,000",en,low,Production quota; does not include undocumented production (USGS footnote); Estimate (marked e by the publisher)
EX31,India,country,,total_REO,concentrate,production_volume,contained_REO,FY2023,FY,2023-12-31,2900.0,1,2900.0,tonnes,none,not_applicable,as_reported,,True,statistics,usgs_mcs_ED2025.pdf,2,145.0,"2,900",en,low,Estimate (marked e by the publisher)
EX32,India,country,,total_REO,concentrate,production_volume,contained_REO,FY2024,FY,2024-12-31,2900.0,1,2900.0,tonnes,none,not_applicable,as_reported,,False,statistics,usgs_mcs_ED2025.pdf,2,145.0,"2,900",en,low,Estimate (marked e by the publisher)
EX33,Madagascar,country,,total_REO,concentrate,production_volume,contained_REO,FY2023,FY,2023-12-31,2100.0,1,2100.0,tonnes,none,not_applicable,as_reported,,True,statistics,usgs_mcs_ED2025.pdf,2,145.0,"2,100",en,low,Estimate (marked e by the publisher)
EX34,Madagascar,country,,total_REO,concentrate,production_volume,contained_REO,FY2024,FY,2024-12-31,2000.0,1,2000.0,tonnes,none,not_applicable,as_reported,,False,statistics,usgs_mcs_ED2025.pdf,2,145.0,"2,000",en,low,Estimate (marked e by the publisher)
EX35,Malaysia,country,,total_REO,concentrate,production_volume,contained_REO,FY2023,FY,2023-12-31,310.0,1,310.0,tonnes,none,not_applicable,as_reported,,True,statistics,usgs_mcs_ED2025.pdf,2,145.0,310,en,low,Estimate (marked e by the publisher)
EX36,Malaysia,country,,total_REO,concentrate,production_volume,contained_REO,FY2024,FY,2024-12-31,130.0,1,130.0,tonnes,none,not_applicable,as_reported,,False,statistics,usgs_mcs_ED2025.pdf,2,145.0,130,en,low,Estimate (marked e by the publisher)
EX37,Russia,country,,total_REO,concentrate,production_volume,contained_REO,FY2023,FY,2023-12-31,2500.0,1,2500.0,tonnes,none,not_applicable,as_reported,,True,statistics,usgs_mcs_ED2025.pdf,2,145.0,"2,500",en,low,Estimate (marked e by the publisher)
EX38,Russia,country,,total_REO,concentrate,production_volume,contained_REO,FY2024,FY,2024-12-31,2500.0,1,2500.0,tonnes,none,not_applicable,as_reported,,False,statistics,usgs_mcs_ED2025.pdf,2,145.0,"2,500",en,low,Estimate (marked e by the publisher)
EX39,Thailand,country,,total_REO,concentrate,production_volume,contained_REO,FY2023,FY,2023-12-31,3600.0,1,3600.0,tonnes,none,not_applicable,as_reported,,True,statistics,usgs_mcs_ED2025.pdf,2,145.0,"3,600",en,low,Estimate (marked e by the publisher)
EX40,Thailand,country,,total_REO,concentrate,production_volume,contained_REO,FY2024,FY,2024-12-31,13000.0,1,13000.0,tonnes,none,not_applicable,as_reported,,False,statistics,usgs_mcs_ED2025.pdf,2,145.0,"13,000",en,low,Estimate (marked e by the publisher)
EX41,Vietnam,country,,total_REO,concentrate,production_volume,contained_REO,FY2023,FY,2023-12-31,300.0,1,300.0,tonnes,none,not_applicable,as_reported,,True,statistics,usgs_mcs_ED2025.pdf,2,145.0,300,en,low,Estimate (marked e by the publisher)
EX42,Vietnam,country,,total_REO,concentrate,production_volume,contained_REO,FY2024,FY,2024-12-31,300.0,1,300.0,tonnes,none,not_applicable,as_reported,,False,statistics,usgs_mcs_ED2025.pdf,2,145.0,300,en,low,Estimate (marked e by the publisher)
EX43,World,world,,total_REO,concentrate,production_volume,contained_REO,FY2023,FY,2023-12-31,376000.0,1,376000.0,tonnes,none,not_applicable,as_reported,,True,statistics,usgs_mcs_ED2025.pdf,2,145.0,"376,000",en,low,"USGS world total, rounded; Estimate (marked e by the publisher)"
EX44,World,world,,total_REO,concentrate,production_volume,contained_REO,FY2024,FY,2024-12-31,390000.0,1,390000.0,tonnes,none,not_applicable,as_reported,,False,statistics,usgs_mcs_ED2025.pdf,2,145.0,"390,000",en,low,"USGS world total, rounded; Estimate (marked e by the publisher)"
EX01,United States,country,,total_REO,concentrate,production_volume,contained_REO,FY2021,FY,2021-12-31,42400.0,1,42400.0,tonnes,none,not_applicable,as_reported,,True,statistics,usgs_mcs_ED2026.pdf,1,152.0,"42,400",en,low,"USGS: US mine production, REO equivalent. Includes producers other than Mountain Pass (monazite in the southeastern US; Utah compounds per the 2026 edition); Estimate (marked e by the publisher)"
EX02,United States,country,,total_REO,concentrate,production_volume,contained_REO,FY2022,FY,2022-12-31,42500.0,1,42500.0,tonnes,none,not_applicable,as_reported,,True,statistics,usgs_mcs_ED2026.pdf,1,152.0,"42,500",en,low,"USGS: US mine production, REO equivalent. Includes producers other than Mountain Pass (monazite in the southeastern US; Utah compounds per the 2026 edition); Estimate (marked e by the publisher)"
EX03,United States,country,,total_REO,concentrate,production_volume,contained_REO,FY2023,FY,2023-12-31,41600.0,1,41600.0,tonnes,none,not_applicable,as_reported,,True,statistics,usgs_mcs_ED2026.pdf,1,152.0,"41,600",en,low,"USGS: US mine production, REO equivalent. Includes producers other than Mountain Pass (monazite in the southeastern US; Utah compounds per the 2026 edition); Estimate (marked e by the publisher)"
EX04,United States,country,,total_REO,concentrate,production_volume,contained_REO,FY2024,FY,2024-12-31,45500.0,1,45500.0,tonnes,none,not_applicable,as_reported,,True,statistics,usgs_mcs_ED2026.pdf,1,152.0,"45,500",en,low,"USGS: US mine production, REO equivalent. Includes producers other than Mountain Pass (monazite in the southeastern US; Utah compounds per the 2026 edition); Estimate (marked e by the publisher)"
EX05,United States,country,,total_REO,concentrate,production_volume,contained_REO,FY2025,FY,2025-12-31,51000.0,1,51000.0,tonnes,none,not_applicable,as_reported,,False,statistics,usgs_mcs_ED2026.pdf,1,152.0,"51,000",en,low,"USGS: US mine production, REO equivalent. Includes producers other than Mountain Pass (monazite in the southeastern US; Utah compounds per the 2026 edition); Estimate (marked e by the publisher)"
EX06,Rare earth market (USGS),market,,Nd,oxide,market_price,gross_weight,FY2021,FY,2021-12-31,98.0,1,98.0,USD_per_kg,USD,market,as_reported,,True,statistics,usgs_mcs_ED2026.pdf,1,152.0,98,en,high,"USGS average price, dollars per kilogram of oxide; price source named in each edition's footnote"
EX07,Rare earth market (USGS),market,,Nd,oxide,market_price,gross_weight,FY2022,FY,2022-12-31,134.0,1,134.0,USD_per_kg,USD,market,as_reported,,True,statistics,usgs_mcs_ED2026.pdf,1,152.0,134,en,high,"USGS average price, dollars per kilogram of oxide; price source named in each edition's footnote"
EX08,Rare earth market (USGS),market,,Nd,oxide,market_price,gross_weight,FY2023,FY,2023-12-31,78.0,1,78.0,USD_per_kg,USD,market,as_reported,,True,statistics,usgs_mcs_ED2026.pdf,1,152.0,78,en,high,"USGS average price, dollars per kilogram of oxide; price source named in each edition's footnote"
EX09,Rare earth market (USGS),market,,Nd,oxide,market_price,gross_weight,FY2024,FY,2024-12-31,56.0,1,56.0,USD_per_kg,USD,market,as_reported,,True,statistics,usgs_mcs_ED2026.pdf,1,152.0,56,en,high,"USGS average price, dollars per kilogram of oxide; price source named in each edition's footnote"
EX10,Rare earth market (USGS),market,,Nd,oxide,market_price,gross_weight,FY2025,FY,2025-12-31,73.0,1,73.0,USD_per_kg,USD,market,as_reported,,False,statistics,usgs_mcs_ED2026.pdf,1,152.0,73,en,low,"USGS average price, dollars per kilogram of oxide; price source named in each edition's footnote; Estimate (marked e by the publisher)"
EX11,Rare earth market (USGS),market,,NdPr,oxide,market_price,gross_weight,FY2021,FY,2021-12-31,92.0,1,92.0,USD_per_kg,USD,market,as_reported,,True,statistics,usgs_mcs_ED2026.pdf,1,152.0,92,en,high,"USGS average price, dollars per kilogram of oxide; price source named in each edition's footnote"
EX12,Rare earth market (USGS),market,,NdPr,oxide,market_price,gross_weight,FY2022,FY,2022-12-31,124.0,1,124.0,USD_per_kg,USD,market,as_reported,,True,statistics,usgs_mcs_ED2026.pdf,1,152.0,124,en,high,"USGS average price, dollars per kilogram of oxide; price source named in each edition's footnote"
EX13,Rare earth market (USGS),market,,NdPr,oxide,market_price,gross_weight,FY2023,FY,2023-12-31,75.0,1,75.0,USD_per_kg,USD,market,as_reported,,True,statistics,usgs_mcs_ED2026.pdf,1,152.0,75,en,high,"USGS average price, dollars per kilogram of oxide; price source named in each edition's footnote"
EX14,Rare earth market (USGS),market,,NdPr,oxide,market_price,gross_weight,FY2024,FY,2024-12-31,55.0,1,55.0,USD_per_kg,USD,market,as_reported,,True,statistics,usgs_mcs_ED2026.pdf,1,152.0,55,en,high,"USGS average price, dollars per kilogram of oxide; price source named in each edition's footnote"
EX15,Rare earth market (USGS),market,,NdPr,oxide,market_price,gross_weight,FY2025,FY,2025-12-31,69.0,1,69.0,USD_per_kg,USD,market,as_reported,,False,statistics,usgs_mcs_ED2026.pdf,1,152.0,69,en,low,"USGS average price, dollars per kilogram of oxide; price source named in each edition's footnote; Estimate (marked e by the publisher)"
EX16,United States,country,,total_REO,concentrate,production_volume,contained_REO,FY2024,FY,2024-12-31,45500.0,1,45500.0,tonnes,none,not_applicable,as_reported,,True,statistics,usgs_mcs_ED2026.pdf,2,153.0,"45,500",en,low,"USGS: US mine production, REO equivalent. Includes producers other than Mountain Pass (monazite in the southeastern US; Utah compounds per the 2026 edition); Estimate (marked e by the publisher)"
EX17,United States,country,,total_REO,concentrate,production_volume,contained_REO,FY2025,FY,2025-12-31,51000.0,1,51000.0,tonnes,none,not_applicable,as_reported,,False,statistics,usgs_mcs_ED2026.pdf,2,153.0,"51,000",en,low,"USGS: US mine production, REO equivalent. Includes producers other than Mountain Pass (monazite in the southeastern US; Utah compounds per the 2026 edition); Estimate (marked e by the publisher)"
EX18,Australia,country,,total_REO,concentrate,production_volume,contained_REO,FY2024,FY,2024-12-31,29000.0,1,29000.0,tonnes,none,not_applicable,as_reported,,True,statistics,usgs_mcs_ED2026.pdf,2,153.0,"29,000",en,low,Estimate (marked e by the publisher)
EX19,Australia,country,,total_REO,concentrate,production_volume,contained_REO,FY2025,FY,2025-12-31,29000.0,1,29000.0,tonnes,none,not_applicable,as_reported,,False,statistics,usgs_mcs_ED2026.pdf,2,153.0,"29,000",en,low,Estimate (marked e by the publisher)
EX20,Brazil,country,,total_REO,concentrate,production_volume,contained_REO,FY2024,FY,2024-12-31,560.0,1,560.0,tonnes,none,not_applicable,as_reported,,True,statistics,usgs_mcs_ED2026.pdf,2,153.0,560,en,low,Estimate (marked e by the publisher)
EX21,Brazil,country,,total_REO,concentrate,production_volume,contained_REO,FY2025,FY,2025-12-31,2000.0,1,2000.0,tonnes,none,not_applicable,as_reported,,False,statistics,usgs_mcs_ED2026.pdf,2,153.0,"2,000",en,low,Estimate (marked e by the publisher)
EX22,Burma,country,,total_REO,concentrate,production_volume,contained_REO,FY2024,FY,2024-12-31,27000.0,1,27000.0,tonnes,none,not_applicable,as_reported,,True,statistics,usgs_mcs_ED2026.pdf,2,153.0,"27,000",en,low,Estimate (marked e by the publisher)
EX23,Burma,country,,total_REO,concentrate,production_volume,contained_REO,FY2025,FY,2025-12-31,22000.0,1,22000.0,tonnes,none,not_applicable,as_reported,,False,statistics,usgs_mcs_ED2026.pdf,2,153.0,"22,000",en,low,Estimate (marked e by the publisher)
EX24,China,country,,total_REO,concentrate,production_volume,contained_REO,FY2024,FY,2024-12-31,270000.0,1,270000.0,tonnes,none,not_applicable,as_reported,,True,statistics,usgs_mcs_ED2026.pdf,2,153.0,"270,000",en,low,Production quota; does not include undocumented production (USGS footnote); Estimate (marked e by the publisher)
EX25,China,country,,total_REO,concentrate,production_volume,contained_REO,FY2025,FY,2025-12-31,270000.0,1,270000.0,tonnes,none,not_applicable,as_reported,,False,statistics,usgs_mcs_ED2026.pdf,2,153.0,"270,000",en,low,Production quota; does not include undocumented production (USGS footnote); Estimate (marked e by the publisher)
EX26,India,country,,total_REO,concentrate,production_volume,contained_REO,FY2024,FY,2024-12-31,2900.0,1,2900.0,tonnes,none,not_applicable,as_reported,,True,statistics,usgs_mcs_ED2026.pdf,2,153.0,"2,900",en,low,Estimate (marked e by the publisher)
EX27,India,country,,total_REO,concentrate,production_volume,contained_REO,FY2025,FY,2025-12-31,2900.0,1,2900.0,tonnes,none,not_applicable,as_reported,,False,statistics,usgs_mcs_ED2026.pdf,2,153.0,"2,900",en,low,Estimate (marked e by the publisher)
EX28,Madagascar,country,,total_REO,concentrate,production_volume,contained_REO,FY2024,FY,2024-12-31,1400.0,1,1400.0,tonnes,none,not_applicable,as_reported,,True,statistics,usgs_mcs_ED2026.pdf,2,153.0,"1,400",en,low,Estimate (marked e by the publisher)
EX29,Madagascar,country,,total_REO,concentrate,production_volume,contained_REO,FY2025,FY,2025-12-31,2700.0,1,2700.0,tonnes,none,not_applicable,as_reported,,False,statistics,usgs_mcs_ED2026.pdf,2,153.0,"2,700",en,low,Estimate (marked e by the publisher)
EX30,Malaysia,country,,total_REO,concentrate,production_volume,contained_REO,FY2024,FY,2024-12-31,140.0,1,140.0,tonnes,none,not_applicable,as_reported,,True,statistics,usgs_mcs_ED2026.pdf,2,153.0,140,en,low,Estimate (marked e by the publisher)
EX31,Malaysia,country,,total_REO,concentrate,production_volume,contained_REO,FY2025,FY,2025-12-31,110.0,1,110.0,tonnes,none,not_applicable,as_reported,,False,statistics,usgs_mcs_ED2026.pdf,2,153.0,110,en,low,Estimate (marked e by the publisher)
EX32,Russia,country,,total_REO,concentrate,production_volume,contained_REO,FY2024,FY,2024-12-31,2600.0,1,2600.0,tonnes,none,not_applicable,as_reported,,True,statistics,usgs_mcs_ED2026.pdf,2,153.0,"2,600",en,low,Estimate (marked e by the publisher)
EX33,Russia,country,,total_REO,concentrate,production_volume,contained_REO,FY2025,FY,2025-12-31,2600.0,1,2600.0,tonnes,none,not_applicable,as_reported,,False,statistics,usgs_mcs_ED2026.pdf,2,153.0,"2,600",en,low,Estimate (marked e by the publisher)
EX34,Thailand,country,,total_REO,concentrate,production_volume,contained_REO,FY2024,FY,2024-12-31,2100.0,1,2100.0,tonnes,none,not_applicable,as_reported,,True,statistics,usgs_mcs_ED2026.pdf,2,153.0,"2,100",en,low,Estimate (marked e by the publisher)
EX35,Thailand,country,,total_REO,concentrate,production_volume,contained_REO,FY2025,FY,2025-12-31,4800.0,1,4800.0,tonnes,none,not_applicable,as_reported,,False,statistics,usgs_mcs_ED2026.pdf,2,153.0,"4,800",en,low,Estimate (marked e by the publisher)
EX36,Vietnam,country,,total_REO,concentrate,production_volume,contained_REO,FY2024,FY,2024-12-31,300.0,1,300.0,tonnes,none,not_applicable,as_reported,,True,statistics,usgs_mcs_ED2026.pdf,2,153.0,300,en,low,Estimate (marked e by the publisher)
EX37,Vietnam,country,,total_REO,concentrate,production_volume,contained_REO,FY2025,FY,2025-12-31,150.0,1,150.0,tonnes,none,not_applicable,as_reported,,False,statistics,usgs_mcs_ED2026.pdf,2,153.0,150,en,low,Estimate (marked e by the publisher)
EX38,World,world,,total_REO,concentrate,production_volume,contained_REO,FY2024,FY,2024-12-31,380000.0,1,380000.0,tonnes,none,not_applicable,as_reported,,True,statistics,usgs_mcs_ED2026.pdf,2,153.0,"380,000",en,low,"USGS world total, rounded; Estimate (marked e by the publisher)"
EX39,World,world,,total_REO,concentrate,production_volume,contained_REO,FY2025,FY,2025-12-31,390000.0,1,390000.0,tonnes,none,not_applicable,as_reported,,False,statistics,usgs_mcs_ED2026.pdf,2,153.0,"390,000",en,low,"USGS world total, rounded; Estimate (marked e by the publisher)"
